Record Length,2500,Points,-16.7999994E-3,5.05999994,
Sample Interval,39.99999899E-6,s,-16.7599991E-3,5.05999994,
Trigger Point,419.999995634,Samples,-16.7199988E-3,5.09999990,
,,,-16.6799985E-3,5.01999998,
,,,-16.6400000E-3,5.01999998,
,,,-16.5999997E-3,5.09999990,
Source,CH1,,-16.5599994E-3,5.03999996,
Vertical Units,Volts,,-16.5199991E-3,5.05999994,
Vertical Scale,499.999988824E-3,,-16.4799988E-3,5.05999994,
Vertical Offset,0,,-16.4399985E-3,5.03999996,
Horizontal Units,s,,-16.4000001E-3,5.07999992,
Horizontal Scale,9.999999747E-3,,-16.3599998E-3,5.07999992,
Pt Fmt,Y,,-16.3199995E-3,5.07999992,
Yzero,-13.1600000,,-16.2799992E-3,5.07999992,
Probe Atten,10.0000000,,-16.2399989E-3,5.03999996,
,,,-16.1999986E-3,5.07999992,
Note,TDS 2022B - 1:29:19 PM   6/2/2022,,-16.1600001E-3,5.05999994,
,,,-16.1199998E-3,5.07999992,
,,,-16.0799995E-3,5.03999996,
,,,-16.0399992E-3,5.01999998,
,,,-15.9999989E-3,5.05999994,
,,,-15.9599986E-3,5.01999998,
,,,-15.9200002E-3,5.03999996,
,,,-15.8799998E-3,5.05999994,
,,,-15.8399995E-3,5.05999994,
,,,-15.7999992E-3,5.05999994,
,,,-15.7599989E-3,5.05999994,
,,,-15.7199986E-3,5.01999998,
,,,-15.6800002E-3,5.07999992,
,,,-15.6399999E-3,5.07999992,
,,,-15.5999996E-3,5.07999992,
,,,-15.5599993E-3,5.07999992,
,,,-15.5199990E-3,5.03999996,
,,,-15.4799996E-3,5.07999992,
,,,-15.4399993E-3,5.05999994,
,,,-15.3999990E-3,5.07999992,
,,,-15.3599996E-3,5.05999994,
,,,-15.3199993E-3,5.07999992,
,,,-15.2799990E-3,5.03999996,
,,,-15.2399996E-3,5.07999992,
,,,-15.1999993E-3,5.05999994,
,,,-15.1599990E-3,5.07999992,
,,,-15.1199996E-3,5.07999992,
,,,-15.0799993E-3,5.01999998,
,,,-15.0399990E-3,5.01999998,
,,,-14.9999997E-3,5.01999998,
,,,-14.9599994E-3,5.07999992,
,,,-14.9199991E-3,5.03999996,
,,,-14.8799997E-3,5.03999996,
,,,-14.8399994E-3,5.03999996,
,,,-14.7999991E-3,5.05999994,
,,,-14.7599997E-3,5.07999992,
,,,-14.7199994E-3,5.05999994,
,,,-14.6799991E-3,5.05999994,
,,,-14.6399997E-3,5.05999994,
,,,-14.5999994E-3,5.05999994,
,,,-14.5599991E-3,5.07999992,
,,,-14.5199997E-3,5.03999996,
,,,-14.4799994E-3,5.05999994,
,,,-14.4399991E-3,5.05999994,
,,,-14.3999998E-3,5.05999994,
,,,-14.3599994E-3,5.03999996,
,,,-14.3199991E-3,5.05999994,
,,,-14.2799998E-3,5.03999996,
,,,-14.2399995E-3,5.05999994,
,,,-14.1999992E-3,5.05999994,
,,,-14.1599998E-3,5.07999992,
,,,-14.1199995E-3,5.05999994,
,,,-14.0799992E-3,5.07999992,
,,,-14.0399998E-3,5.07999992,
,,,-13.9999995E-3,5.01999998,
,,,-13.9599992E-3,5.07999992,
,,,-13.9199998E-3,5.07999992,
,,,-13.8799995E-3,5.07999992,
,,,-13.8399992E-3,5.07999992,
,,,-13.7999998E-3,5.05999994,
,,,-13.7599995E-3,5.05999994,
,,,-13.7199992E-3,5.03999996,
,,,-13.6799999E-3,5.07999992,
,,,-13.6399996E-3,5.07999992,
,,,-13.5999992E-3,5.07999992,
,,,-13.5599999E-3,5.07999992,
,,,-13.5199996E-3,5.05999994,
,,,-13.4799993E-3,5.05999994,
,,,-13.4399999E-3,5.01999998,
,,,-13.3999996E-3,5.03999996,
,,,-13.3599993E-3,5.01999998,
,,,-13.3199999E-3,5.05999994,
,,,-13.2799996E-3,5.05999994,
,,,-13.2399993E-3,5.05999994,
,,,-13.1999999E-3,5.03999996,
,,,-13.1599996E-3,5.05999994,
,,,-13.1199993E-3,5.03999996,
,,,-13.0799999E-3,5.07999992,
,,,-13.0399996E-3,5.05999994,
,,,-12.9999993E-3,5.05999994,
,,,-12.9600000E-3,5.05999994,
,,,-12.9199997E-3,5.07999992,
,,,-12.8799994E-3,5.05999994,
,,,-12.8399990E-3,5.03999996,
,,,-12.7999997E-3,5.07999992,
,,,-12.7599994E-3,5.05999994,
,,,-12.7199991E-3,5.05999994,
,,,-12.6799997E-3,5.07999992,
,,,-12.6399994E-3,5.07999992,
,,,-12.5999991E-3,5.05999994,
,,,-12.5599997E-3,5.07999992,
,,,-12.5199994E-3,5.07999992,
,,,-12.4799991E-3,5.07999992,
,,,-12.4399997E-3,5.01999998,
,,,-12.3999994E-3,5.07999992,
,,,-12.3599991E-3,5.03999996,
,,,-12.3199997E-3,5.03999996,
,,,-12.2799994E-3,5.07999992,
,,,-12.2399991E-3,5.05999994,
,,,-12.1999998E-3,5.05999994,
,,,-12.1599995E-3,5.05999994,
,,,-12.1199992E-3,5.03999996,
,,,-12.0799998E-3,5.07999992,
,,,-12.0399995E-3,5.05999994,
,,,-11.9999992E-3,5.05999994,
,,,-11.9599998E-3,5.05999994,
,,,-11.9199995E-3,5.07999992,
,,,-11.8799992E-3,5.05999994,
,,,-11.8399998E-3,5.05999994,
,,,-11.7999995E-3,5.07999992,
,,,-11.7599992E-3,5.07999992,
,,,-11.7199998E-3,5.03999996,
,,,-11.6799995E-3,5.03999996,
,,,-11.6399992E-3,5.03999996,
,,,-11.5999999E-3,5.07999992,
,,,-11.5599995E-3,5.03999996,
,,,-11.5199992E-3,5.05999994,
,,,-11.4799999E-3,5.03999996,
,,,-11.4399996E-3,5.03999996,
,,,-11.3999993E-3,5.03999996,
,,,-11.3599999E-3,5.07999992,
,,,-11.3199996E-3,5.05999994,
,,,-11.2799993E-3,5.03999996,
,,,-11.2399999E-3,5.05999994,
,,,-11.1999996E-3,5.09999990,
,,,-11.1599993E-3,5.07999992,
,,,-11.1199999E-3,5.07999992,
,,,-11.0799996E-3,5.07999992,
,,,-11.0399993E-3,5.05999994,
,,,-10.9999999E-3,5.05999994,
,,,-10.9599996E-3,5.03999996,
,,,-10.9199993E-3,5.07999992,
,,,-10.8800000E-3,5.07999992,
,,,-10.8399997E-3,5.03999996,
,,,-10.7999993E-3,5.01999998,
,,,-10.7600000E-3,5.05999994,
,,,-10.7199997E-3,5.05999994,
,,,-10.6799994E-3,5.07999992,
,,,-10.6400000E-3,5.09999990,
,,,-10.5999997E-3,5.05999994,
,,,-10.5599994E-3,5.05999994,
,,,-10.5200000E-3,5.07999992,
,,,-10.4799997E-3,5.05999994,
,,,-10.4399994E-3,5.07999992,
,,,-10.3999991E-3,5.01999998,
,,,-10.3599997E-3,5.05999994,
,,,-10.3199994E-3,5.07999992,
,,,-10.2799991E-3,5.03999996,
,,,-10.2399997E-3,5.03999996,
,,,-10.1999994E-3,5.07999992,
,,,-10.1599991E-3,5.07999992,
,,,-10.1199998E-3,5.05999994,
,,,-10.0799995E-3,5.05999994,
,,,-10.0399991E-3,5.05999994,
,,,-9.999999776E-3,5.03999996,
,,,-9.959999472E-3,5.05999994,
,,,-9.919999167E-3,5.05999994,
,,,-9.879999794E-3,5.07999992,
,,,-9.839999489E-3,5.05999994,
,,,-9.799999185E-3,5.05999994,
,,,-9.759999812E-3,5.03999996,
,,,-9.719999507E-3,5.05999994,
,,,-9.679999202E-3,5.05999994,
,,,-9.639999829E-3,5.03999996,
,,,-9.599999525E-3,5.07999992,
,,,-9.559999220E-3,5.07999992,
,,,-9.519999847E-3,5.09999990,
,,,-9.479999542E-3,5.07999992,
,,,-9.439999238E-3,5.05999994,
,,,-9.399999864E-3,5.07999992,
,,,-9.359999560E-3,5.07999992,
,,,-9.319999255E-3,5.07999992,
,,,-9.279999882E-3,5.05999994,
,,,-9.239999577E-3,5.07999992,
,,,-9.199999273E-3,5.07999992,
,,,-9.159999900E-3,5.07999992,
,,,-9.119999595E-3,5.07999992,
,,,-9.079999290E-3,5.07999992,
,,,-9.039999917E-3,5.07999992,
,,,-8.999999613E-3,5.05999994,
,,,-8.959999308E-3,5.03999996,
,,,-8.919999935E-3,5.05999994,
,,,-8.879999630E-3,5.07999992,
,,,-8.839999326E-3,5.07999992,
,,,-8.799999952E-3,5.03999996,
,,,-8.759999648E-3,5.05999994,
,,,-8.719999343E-3,5.05999994,
,,,-8.679999970E-3,5.07999992,
,,,-8.639999665E-3,5.03999996,
,,,-8.599999361E-3,5.05999994,
,,,-8.559999987E-3,5.05999994,
,,,-8.519999683E-3,5.05999994,
,,,-8.479999378E-3,5.07999992,
,,,-8.440000005E-3,5.05999994,
,,,-8.399999700E-3,5.05999994,
,,,-8.359999396E-3,5.05999994,
,,,-8.320000023E-3,5.05999994,
,,,-8.279999718E-3,5.03999996,
,,,-8.239999413E-3,5.03999996,
,,,-8.200000040E-3,5.05999994,
,,,-8.159999736E-3,5.07999992,
,,,-8.119999431E-3,5.07999992,
,,,-8.080000058E-3,5.05999994,
,,,-8.039999753E-3,5.05999994,
,,,-7.999999449E-3,5.07999992,
,,,-7.960000075E-3,5.07999992,
,,,-7.919999771E-3,5.07999992,
,,,-7.879999466E-3,5.07999992,
,,,-7.840000093E-3,5.07999992,
,,,-7.799999788E-3,5.05999994,
,,,-7.759999484E-3,5.05999994,
,,,-7.719999645E-3,5.05999994,
,,,-7.679999806E-3,5.01999998,
,,,-7.639999501E-3,5.07999992,
,,,-7.599999662E-3,5.03999996,
,,,-7.559999824E-3,5.07999992,
,,,-7.519999519E-3,5.05999994,
,,,-7.479999680E-3,5.07999992,
,,,-7.439999841E-3,5.07999992,
,,,-7.399999537E-3,5.05999994,
,,,-7.35999970E-3,5.05999994,
,,,-7.31999986E-3,5.05999994,
,,,-7.27999955E-3,5.05999994,
,,,-7.23999972E-3,5.07999992,
,,,-7.19999988E-3,5.07999992,
,,,-7.15999957E-3,5.03999996,
,,,-7.11999973E-3,5.05999994,
,,,-7.07999943E-3,5.05999994,
,,,-7.03999959E-3,5.05999994,
,,,-6.99999975E-3,5.05999994,
,,,-6.95999945E-3,5.05999994,
,,,-6.91999961E-3,5.05999994,
,,,-6.87999977E-3,5.05999994,
,,,-6.83999946E-3,5.05999994,
,,,-6.79999962E-3,5.05999994,
,,,-6.75999979E-3,5.05999994,
,,,-6.71999948E-3,5.01999998,
,,,-6.67999964E-3,5.05999994,
,,,-6.63999980E-3,5.05999994,
,,,-6.59999950E-3,5.07999992,
,,,-6.55999966E-3,5.05999994,
,,,-6.51999982E-3,5.01999998,
,,,-6.47999952E-3,5.01999998,
,,,-6.43999968E-3,5.00000000,
,,,-6.39999984E-3,5.07999992,
,,,-6.35999953E-3,5.09999990,
,,,-6.31999969E-3,5.07999992,
,,,-6.27999986E-3,5.07999992,
,,,-6.23999955E-3,5.05999994,
,,,-6.19999971E-3,5.07999992,
,,,-6.15999987E-3,5.05999994,
,,,-6.11999957E-3,5.07999992,
,,,-6.07999973E-3,5.05999994,
,,,-6.03999989E-3,5.01999998,
,,,-5.99999959E-3,5.05999994,
,,,-5.95999975E-3,5.07999992,
,,,-5.91999944E-3,5.07999992,
,,,-5.87999960E-3,5.07999992,
,,,-5.83999977E-3,5.05999994,
,,,-5.79999946E-3,5.01999998,
,,,-5.75999962E-3,5.05999994,
,,,-5.71999978E-3,5.07999992,
,,,-5.67999948E-3,5.05999994,
,,,-5.63999964E-3,5.05999994,
,,,-5.59999980E-3,5.05999994,
,,,-5.55999950E-3,5.05999994,
,,,-5.51999966E-3,5.05999994,
,,,-5.47999982E-3,5.03999996,
,,,-5.43999951E-3,5.05999994,
,,,-5.39999967E-3,5.07999992,
,,,-5.35999984E-3,5.03999996,
,,,-5.31999953E-3,5.07999992,
,,,-5.27999969E-3,5.07999992,
,,,-5.23999985E-3,5.03999996,
,,,-5.19999955E-3,5.07999992,
,,,-5.15999971E-3,5.03999996,
,,,-5.11999987E-3,5.05999994,
,,,-5.07999957E-3,5.05999994,
,,,-5.03999973E-3,5.03999996,
,,,-4.99999989E-3,5.03999996,
,,,-4.95999958E-3,5.07999992,
,,,-4.91999974E-3,5.07999992,
,,,-4.87999991E-3,5.07999992,
,,,-4.83999960E-3,5.07999992,
,,,-4.79999976E-3,5.01999998,
,,,-4.75999992E-3,5.05999994,
,,,-4.71999962E-3,5.01999998,
,,,-4.67999978E-3,5.03999996,
,,,-4.63999994E-3,5.07999992,
,,,-4.59999964E-3,5.05999994,
,,,-4.55999980E-3,5.05999994,
,,,-4.51999949E-3,5.01999998,
,,,-4.47999965E-3,5.03999996,
,,,-4.43999982E-3,5.07999992,
,,,-4.39999951E-3,5.07999992,
,,,-4.35999967E-3,5.03999996,
,,,-4.31999983E-3,5.05999994,
,,,-4.27999953E-3,5.03999996,
,,,-4.23999969E-3,5.03999996,
,,,-4.19999985E-3,5.07999992,
,,,-4.15999955E-3,5.05999994,
,,,-4.11999971E-3,5.07999992,
,,,-4.07999987E-3,5.05999994,
,,,-4.03999956E-3,5.03999996,
,,,-3.99999972E-3,5.11999989,
,,,-3.95999989E-3,5.09999990,
,,,-3.91999958E-3,5.11999989,
,,,-3.87999974E-3,5.11999989,
,,,-3.83999967E-3,5.13999987,
,,,-3.79999983E-3,5.07999992,
,,,-3.75999976E-3,5.09999990,
,,,-3.71999969E-3,5.11999989,
,,,-3.67999962E-3,5.11999989,
,,,-3.63999978E-3,5.11999989,
,,,-3.59999971E-3,5.09999990,
,,,-3.55999963E-3,5.11999989,
,,,-3.51999979E-3,5.11999989,
,,,-3.47999972E-3,5.07999992,
,,,-3.43999965E-3,5.11999989,
,,,-3.39999981E-3,5.11999989,
,,,-3.35999974E-3,5.13999987,
,,,-3.31999967E-3,5.13999987,
,,,-3.27999983E-3,5.11999989,
,,,-3.23999976E-3,5.13999987,
,,,-3.19999969E-3,5.13999987,
,,,-3.15999985E-3,5.11999989,
,,,-3.11999978E-3,5.07999992,
,,,-3.07999970E-3,5.09999990,
,,,-3.03999986E-3,5.11999989,
,,,-2.99999979E-3,5.07999992,
,,,-2.95999972E-3,5.11999989,
,,,-2.91999965E-3,5.13999987,
,,,-2.87999981E-3,5.11999989,
,,,-2.83999974E-3,5.13999987,
,,,-2.79999967E-3,5.11999989,
,,,-2.75999983E-3,5.11999989,
,,,-2.71999976E-3,5.09999990,
,,,-2.6799997E-3,5.09999990,
,,,-2.6399998E-3,5.11999989,
,,,-2.5999998E-3,5.09999990,
,,,-2.5599997E-3,5.09999990,
,,,-2.5199999E-3,5.09999990,
,,,-2.4799998E-3,5.07999992,
,,,-2.4399997E-3,5.09999990,
,,,-2.3999996E-3,5.11999989,
,,,-2.3599998E-3,5.13999987,
,,,-2.3199997E-3,5.11999989,
,,,-2.2799997E-3,5.13999987,
,,,-2.2399998E-3,5.09999990,
,,,-2.1999998E-3,5.11999989,
,,,-2.1599997E-3,5.07999992,
,,,-2.1199998E-3,5.11999989,
,,,-2.0799998E-3,5.11999989,
,,,-2.0399997E-3,5.09999990,
,,,-1.9999999E-3,5.38000011,
,,,-1.9599998E-3,5.40000010,
,,,-1.9199997E-3,5.40000010,
,,,-1.8799998E-3,5.38000011,
,,,-1.8399998E-3,5.35999966,
,,,-1.7999997E-3,5.35999966,
,,,-1.7599998E-3,5.40000010,
,,,-1.7199998E-3,5.35999966,
,,,-1.6799998E-3,5.40000010,
,,,-1.6399998E-3,5.40000010,
,,,-1.5999998E-3,5.38000011,
,,,-1.5599998E-3,5.38000011,
,,,-1.5199998E-3,5.33999968,
,,,-1.4799997E-3,5.35999966,
,,,-1.4399998E-3,5.40000010,
,,,-1.3999998E-3,5.38000011,
,,,-1.3599998E-3,5.35999966,
,,,-1.3199998E-3,5.38000011,
,,,-1.2799997E-3,5.35999966,
,,,-1.2399998E-3,5.42000008,
,,,-1.1999998E-3,5.33999968,
,,,-1.1599998E-3,5.38000011,
,,,-1.1199998E-3,5.40000010,
,,,-1.0799998E-3,5.40000010,
,,,-1.0399998E-3,5.38000011,
,,,-999.999814667E-6,5.35999966,
,,,-959.999801125E-6,5.35999966,
,,,-919.999787584E-6,5.40000010,
,,,-879.999832250E-6,5.38000011,
,,,-839.999818709E-6,5.35999966,
,,,-799.999805167E-6,5.38000011,
,,,-759.999791626E-6,5.38000011,
,,,-719.999778084E-6,5.38000011,
,,,-679.999822751E-6,5.38000011,
,,,-639.999809209E-6,5.38000011,
,,,-599.999795668E-6,5.38000011,
,,,-559.999840334E-6,5.38000011,
,,,-519.999826793E-6,5.35999966,
,,,-479.999813251E-6,5.35999966,
,,,-439.999799710E-6,5.38000011,
,,,-399.99981527E-6,5.33999968,
,,,-359.99983083E-6,5.40000010,
,,,-319.99981729E-6,5.40000010,
,,,-279.99980375E-6,5.35999966,
,,,-239.99981931E-6,5.35999966,
,,,-199.99982032E-6,5.40000010,
,,,-159.99982134E-6,5.38000011,
,,,-119.9998223E-6,5.40000010,
,,,-79.999823356E-6,5.35999966,
,,,-39.99982437E-6,5.35999966,
,,,174.62298203E-12,5.71999979,
,,,40.00017361E-6,5.73999977,
,,,80.000172602E-6,5.69999981,
,,,120.0001716E-6,5.73999977,
,,,160.00017058E-6,5.75999975,
,,,200.00016957E-6,5.71999979,
,,,240.00016856E-6,5.71999979,
,,,280.00015300E-6,5.71999979,
,,,320.00016654E-6,5.71999979,
,,,360.00018008E-6,5.73999977,
,,,400.00016452E-6,5.73999977,
,,,440.000148956E-6,5.71999979,
,,,480.000162497E-6,5.71999979,
,,,520.000176039E-6,5.73999977,
,,,560.000189580E-6,5.71999979,
,,,600.000144914E-6,5.71999979,
,,,640.000158455E-6,5.71999979,
,,,680.000171997E-6,5.69999981,
,,,720.000127330E-6,5.71999979,
,,,760.000140872E-6,5.71999979,
,,,800.000154413E-6,5.71999979,
,,,840.000167955E-6,5.73999977,
,,,880.000181496E-6,5.71999979,
,,,920.000136830E-6,5.69999981,
,,,960.000150371E-6,5.71999979,
,,,1.0000002E-3,5.67999983,
,,,1.0400001E-3,5.67999983,
,,,1.0800002E-3,5.73999977,
,,,1.1200001E-3,5.71999979,
,,,1.1600001E-3,5.73999977,
,,,1.2000002E-3,5.75999975,
,,,1.2400001E-3,5.73999977,
,,,1.2800002E-3,5.71999979,
,,,1.3200002E-3,5.71999979,
,,,1.3600001E-3,5.75999975,
,,,1.4000002E-3,5.73999977,
,,,1.4400001E-3,5.73999977,
,,,1.4800001E-3,5.69999981,
,,,1.5200002E-3,5.69999981,
,,,1.5600001E-3,5.69999981,
,,,1.6000001E-3,5.71999979,
,,,1.6400001E-3,5.71999979,
,,,1.6800001E-3,5.69999981,
,,,1.7200002E-3,5.73999977,
,,,1.7600001E-3,5.73999977,
,,,1.8000001E-3,5.69999981,
,,,1.8400002E-3,5.71999979,
,,,1.8800001E-3,5.71999979,
,,,1.9200002E-3,5.71999979,
,,,1.9600000E-3,5.73999977,
,,,2.0000001E-3,6.07999992,
,,,2.0400002E-3,6.09999990,
,,,2.0800000E-3,6.11999989,
,,,2.1200001E-3,6.09999990,
,,,2.1600001E-3,6.09999990,
,,,2.2000002E-3,6.05999994,
,,,2.2400001E-3,6.05999994,
,,,2.2800001E-3,6.09999990,
,,,2.3200002E-3,6.07999992,
,,,2.3600000E-3,6.09999990,
,,,2.4000001E-3,6.09999990,
,,,2.4400002E-3,6.07999992,
,,,2.4800000E-3,6.09999990,
,,,2.5200001E-3,6.07999992,
,,,2.5600002E-3,6.11999989,
,,,2.6000000E-3,6.09999990,
,,,2.6400001E-3,6.07999992,
,,,2.6800002E-3,6.07999992,
,,,2.72000022E-3,6.07999992,
,,,2.76000006E-3,6.07999992,
,,,2.80000013E-3,6.07999992,
,,,2.84000020E-3,6.09999990,
,,,2.88000004E-3,6.09999990,
,,,2.92000012E-3,6.09999990,
,,,2.96000019E-3,6.07999992,
,,,3.00000003E-3,6.07999992,
,,,3.04000010E-3,6.09999990,
,,,3.08000017E-3,6.07999992,
,,,3.12000001E-3,6.09999990,
,,,3.16000008E-3,6.09999990,
,,,3.20000015E-3,6.09999990,
,,,3.23999999E-3,6.07999992,
,,,3.28000006E-3,6.09999990,
,,,3.32000013E-3,6.07999992,
,,,3.35999997E-3,6.11999989,
,,,3.40000005E-3,6.07999992,
,,,3.44000012E-3,6.09999990,
,,,3.48000019E-3,6.07999992,
,,,3.52000003E-3,6.05999994,
,,,3.56000010E-3,6.07999992,
,,,3.60000017E-3,6.07999992,
,,,3.64000001E-3,6.05999994,
,,,3.68000008E-3,6.07999992,
,,,3.72000015E-3,6.09999990,
,,,3.75999999E-3,6.05999994,
,,,3.80000006E-3,6.05999994,
,,,3.84000014E-3,6.09999990,
,,,3.87999997E-3,6.11999989,
,,,3.92000005E-3,6.07999992,
,,,3.95999989E-3,6.11999989,
,,,4.00000019E-3,6.44000006,
,,,4.04000003E-3,6.50000000,
,,,4.07999987E-3,6.44000006,
,,,4.12000017E-3,6.50000000,
,,,4.16000001E-3,6.46000004,
,,,4.19999985E-3,6.48000002,
,,,4.24000015E-3,6.48000002,
,,,4.27999999E-3,6.44000006,
,,,4.32000030E-3,6.48000002,
,,,4.36000014E-3,6.46000004,
,,,4.39999998E-3,6.48000002,
,,,4.44000028E-3,6.46000004,
,,,4.48000012E-3,6.44000006,
,,,4.51999996E-3,6.44000006,
,,,4.56000026E-3,6.46000004,
,,,4.60000010E-3,6.48000002,
,,,4.63999994E-3,6.46000004,
,,,4.68000025E-3,6.46000004,
,,,4.72000008E-3,6.46000004,
,,,4.75999992E-3,6.46000004,
,,,4.80000023E-3,6.39999962,
,,,4.84000007E-3,6.46000004,
,,,4.87999991E-3,6.46000004,
,,,4.92000021E-3,6.50000000,
,,,4.96000005E-3,6.46000004,
,,,4.99999989E-3,6.48000002,
,,,5.04000019E-3,6.42000008,
,,,5.08000003E-3,6.46000004,
,,,5.11999987E-3,6.46000004,
,,,5.16000018E-3,6.46000004,
,,,5.20000001E-3,6.46000004,
,,,5.23999985E-3,6.46000004,
,,,5.28000016E-3,6.44000006,
,,,5.32000000E-3,6.50000000,
,,,5.35999984E-3,6.46000004,
,,,5.40000014E-3,6.48000002,
,,,5.43999998E-3,6.44000006,
,,,5.47999982E-3,6.48000002,
,,,5.52000012E-3,6.50000000,
,,,5.55999996E-3,6.42000008,
,,,5.59999980E-3,6.50000000,
,,,5.64000010E-3,6.46000004,
,,,5.67999994E-3,6.50000000,
,,,5.72000025E-3,6.42000008,
,,,5.76000009E-3,6.42000008,
,,,5.79999993E-3,6.44000006,
,,,5.84000023E-3,6.51999998,
,,,5.88000007E-3,6.46000004,
,,,5.91999991E-3,6.48000002,
,,,5.96000021E-3,6.46000004,
,,,6.00000005E-3,6.69999981,
,,,6.03999989E-3,6.73999977,
,,,6.08000020E-3,6.71999979,
,,,6.12000003E-3,6.73999977,
,,,6.15999987E-3,6.71999979,
,,,6.20000018E-3,6.69999981,
,,,6.24000002E-3,6.71999979,
,,,6.27999986E-3,6.71999979,
,,,6.32000016E-3,6.75999975,
,,,6.36000000E-3,6.75999975,
,,,6.39999984E-3,6.73999977,
,,,6.44000014E-3,6.69999981,
,,,6.47999998E-3,6.69999981,
,,,6.51999982E-3,6.73999977,
,,,6.56000013E-3,6.73999977,
,,,6.59999996E-3,6.71999979,
,,,6.63999980E-3,6.71999979,
,,,6.68000011E-3,6.71999979,
,,,6.71999995E-3,6.71999979,
,,,6.75999979E-3,6.69999981,
,,,6.80000009E-3,6.73999977,
,,,6.83999993E-3,6.71999979,
,,,6.88000023E-3,6.71999979,
,,,6.92000007E-3,6.71999979,
,,,6.95999991E-3,6.69999981,
,,,7.00000022E-3,6.69999981,
,,,7.04000005E-3,6.75999975,
,,,7.07999989E-3,6.69999981,
,,,7.12000020E-3,6.75999975,
,,,7.16000004E-3,6.67999983,
,,,7.19999988E-3,6.69999981,
,,,7.24000018E-3,6.67999983,
,,,7.28000002E-3,6.69999981,
,,,7.31999986E-3,6.75999975,
,,,7.36000016E-3,6.69999981,
,,,7.400000002E-3,6.69999981,
,,,7.439999841E-3,6.69999981,
,,,7.480000146E-3,6.71999979,
,,,7.519999985E-3,6.71999979,
,,,7.559999824E-3,6.73999977,
,,,7.600000128E-3,6.71999979,
,,,7.639999967E-3,6.69999981,
,,,7.679999806E-3,6.71999979,
,,,7.720000111E-3,6.73999977,
,,,7.759999949E-3,6.69999981,
,,,7.799999788E-3,6.71999979,
,,,7.840000093E-3,6.73999977,
,,,7.880000398E-3,6.73999977,
,,,7.919999771E-3,6.73999977,
,,,7.960000075E-3,6.69999981,
,,,8.000000380E-3,6.96000004,
,,,8.039999753E-3,6.98000002,
,,,8.080000058E-3,6.98000002,
,,,8.120000362E-3,6.98000002,
,,,8.159999736E-3,6.98000002,
,,,8.200000040E-3,6.98000002,
,,,8.240000345E-3,6.94000006,
,,,8.279999718E-3,6.98000002,
,,,8.320000023E-3,7.01999998,
,,,8.360000327E-3,6.98000002,
,,,8.399999700E-3,7.00000000,
,,,8.440000005E-3,6.98000002,
,,,8.480000310E-3,6.96000004,
,,,8.519999683E-3,6.96000004,
,,,8.559999987E-3,6.98000002,
,,,8.600000292E-3,7.01999998,
,,,8.639999665E-3,6.98000002,
,,,8.679999970E-3,6.98000002,
,,,8.720000274E-3,6.98000002,
,,,8.759999648E-3,6.96000004,
,,,8.799999952E-3,6.94000006,
,,,8.840000257E-3,7.00000000,
,,,8.879999630E-3,7.01999998,
,,,8.919999935E-3,6.98000002,
,,,8.960000239E-3,6.98000002,
,,,8.999999613E-3,6.98000002,
,,,9.039999917E-3,6.98000002,
,,,9.080000222E-3,7.00000000,
,,,9.119999595E-3,6.98000002,
,,,9.159999900E-3,6.98000002,
,,,9.200000204E-3,6.98000002,
,,,9.239999577E-3,6.98000002,
,,,9.279999882E-3,6.98000002,
,,,9.320000187E-3,7.01999998,
,,,9.359999560E-3,6.98000002,
,,,9.399999864E-3,6.98000002,
,,,9.440000169E-3,6.98000002,
,,,9.479999542E-3,6.98000002,
,,,9.519999847E-3,6.96000004,
,,,9.560000151E-3,7.00000000,
,,,9.599999525E-3,6.98000002,
,,,9.639999829E-3,6.98000002,
,,,9.680000134E-3,6.98000002,
,,,9.719999507E-3,6.98000002,
,,,9.759999812E-3,6.98000002,
,,,9.800000116E-3,6.98000002,
,,,9.839999489E-3,7.00000000,
,,,9.879999794E-3,6.98000002,
,,,9.920000099E-3,7.01999998,
,,,9.959999472E-3,6.96000004,
,,,9.999999776E-3,7.19999981,
,,,10.0400001E-3,7.15999985,
,,,10.0800004E-3,7.15999985,
,,,10.1199998E-3,7.17999983,
,,,10.1600001E-3,7.19999981,
,,,10.2000004E-3,7.17999983,
,,,10.2399997E-3,7.15999985,
,,,10.2800000E-3,7.15999985,
,,,10.3200004E-3,7.19999981,
,,,10.3599997E-3,7.15999985,
,,,10.4000000E-3,7.13999987,
,,,10.4400003E-3,7.15999985,
,,,10.4799997E-3,7.17999983,
,,,10.5200000E-3,7.17999983,
,,,10.5600003E-3,7.17999983,
,,,10.5999997E-3,7.15999985,
,,,10.6400000E-3,7.15999985,
,,,10.6800003E-3,7.15999985,
,,,10.7199997E-3,7.15999985,
,,,10.7600000E-3,7.15999985,
,,,10.8000003E-3,7.15999985,
,,,10.8399997E-3,7.17999983,
,,,10.8800000E-3,7.15999985,
,,,10.9200003E-3,7.15999985,
,,,10.9599996E-3,7.17999983,
,,,10.9999999E-3,7.15999985,
,,,11.0400002E-3,7.15999985,
,,,11.0799996E-3,7.15999985,
,,,11.1199999E-3,7.17999983,
,,,11.1600002E-3,7.19999981,
,,,11.1999996E-3,7.19999981,
,,,11.2399999E-3,7.17999983,
,,,11.2800002E-3,7.17999983,
,,,11.3199996E-3,7.15999985,
,,,11.3599999E-3,7.21999979,
,,,11.4000002E-3,7.17999983,
,,,11.4399996E-3,7.13999987,
,,,11.4799999E-3,7.15999985,
,,,11.5200002E-3,7.15999985,
,,,11.5599995E-3,7.21999979,
,,,11.5999999E-3,7.21999979,
,,,11.6400002E-3,7.17999983,
,,,11.6799995E-3,7.15999985,
,,,11.7199998E-3,7.15999985,
,,,11.7600001E-3,7.17999983,
,,,11.7999995E-3,7.15999985,
,,,11.8399998E-3,7.15999985,
,,,11.8800001E-3,7.15999985,
,,,11.9199995E-3,7.15999985,
,,,11.9599998E-3,7.15999985,
,,,12.0000001E-3,7.27999973,
,,,12.0399995E-3,7.27999973,
,,,12.0799998E-3,7.29999971,
,,,12.1200001E-3,7.27999973,
,,,12.1599995E-3,7.29999971,
,,,12.1999998E-3,7.29999971,
,,,12.2400001E-3,7.27999973,
,,,12.2799994E-3,7.29999971,
,,,12.3199997E-3,7.31999969,
,,,12.3600001E-3,7.29999971,
,,,12.3999994E-3,7.29999971,
,,,12.4399997E-3,7.29999971,
,,,12.4800000E-3,7.27999973,
,,,12.5199994E-3,7.31999969,
,,,12.5599997E-3,7.27999973,
,,,12.6000000E-3,7.29999971,
,,,12.6399994E-3,7.29999971,
,,,12.6799997E-3,7.29999971,
,,,12.7200000E-3,7.27999973,
,,,12.7600003E-3,7.29999971,
,,,12.7999997E-3,7.29999971,
,,,12.8400000E-3,7.31999969,
,,,12.8800003E-3,7.29999971,
,,,12.9199997E-3,7.27999973,
,,,12.9600000E-3,7.27999973,
,,,13.0000003E-3,7.29999971,
,,,13.0399996E-3,7.29999971,
,,,13.0799999E-3,7.27999973,
,,,13.1200003E-3,7.25999975,
,,,13.1599996E-3,7.29999971,
,,,13.1999999E-3,7.27999973,
,,,13.2400002E-3,7.27999973,
,,,13.2799996E-3,7.29999971,
,,,13.3199999E-3,7.29999971,
,,,13.3600002E-3,7.31999969,
,,,13.3999996E-3,7.29999971,
,,,13.4399999E-3,7.29999971,
,,,13.4800002E-3,7.29999971,
,,,13.5199996E-3,7.27999973,
,,,13.5599999E-3,7.31999969,
,,,13.6000002E-3,7.27999973,
,,,13.6399996E-3,7.29999971,
,,,13.6799999E-3,7.29999971,
,,,13.7200002E-3,7.29999971,
,,,13.7599995E-3,7.27999973,
,,,13.7999998E-3,7.27999973,
,,,13.8400001E-3,7.31999969,
,,,13.8799995E-3,7.29999971,
,,,13.9199998E-3,7.31999969,
,,,13.9600001E-3,7.29999971,
,,,13.9999995E-3,7.440000057,
,,,14.0399998E-3,7.480000019,
,,,14.0800001E-3,7.500000000,
,,,14.1199995E-3,7.460000038,
,,,14.1599998E-3,7.440000057,
,,,14.2000001E-3,7.480000019,
,,,14.2399995E-3,7.480000019,
,,,14.2799998E-3,7.480000019,
,,,14.3200001E-3,7.480000019,
,,,14.3599994E-3,7.460000038,
,,,14.3999998E-3,7.480000019,
,,,14.4400001E-3,7.399999619,
,,,14.4799994E-3,7.440000057,
,,,14.5199997E-3,7.440000057,
,,,14.5600000E-3,7.460000038,
,,,14.5999994E-3,7.460000038,
,,,14.6399997E-3,7.480000019,
,,,14.6800000E-3,7.500000000,
,,,14.7199994E-3,7.460000038,
,,,14.7599997E-3,7.460000038,
,,,14.8000000E-3,7.460000038,
,,,14.8399994E-3,7.480000019,
,,,14.8799997E-3,7.480000019,
,,,14.9200000E-3,7.460000038,
,,,14.9599994E-3,7.460000038,
,,,14.9999997E-3,7.460000038,
,,,15.0400000E-3,7.460000038,
,,,15.0799993E-3,7.480000019,
,,,15.1199996E-3,7.460000038,
,,,15.1600000E-3,7.500000000,
,,,15.2000003E-3,7.480000019,
,,,15.2399996E-3,7.440000057,
,,,15.2799999E-3,7.440000057,
,,,15.3200002E-3,7.460000038,
,,,15.3599996E-3,7.460000038,
,,,15.3999999E-3,7.480000019,
,,,15.4400002E-3,7.460000038,
,,,15.4799996E-3,7.440000057,
,,,15.5199999E-3,7.440000057,
,,,15.5600002E-3,7.480000019,
,,,15.5999996E-3,7.460000038,
,,,15.6399999E-3,7.480000019,
,,,15.6800002E-3,7.480000019,
,,,15.7200005E-3,7.500000000,
,,,15.7599989E-3,7.500000000,
,,,15.7999992E-3,7.460000038,
,,,15.8399995E-3,7.500000000,
,,,15.8799998E-3,7.460000038,
,,,15.9200002E-3,7.460000038,
,,,15.9600005E-3,7.460000038,
,,,15.9999989E-3,7.559999943,
,,,16.0399992E-3,7.559999943,
,,,16.0799995E-3,7.579999924,
,,,16.1199998E-3,7.559999943,
,,,16.1600001E-3,7.579999924,
,,,16.2000004E-3,7.539999962,
,,,16.2399989E-3,7.519999981,
,,,16.2799992E-3,7.559999943,
,,,16.3199995E-3,7.599999905,
,,,16.3599998E-3,7.579999924,
,,,16.4000001E-3,7.539999962,
,,,16.4400004E-3,7.539999962,
,,,16.4799988E-3,7.539999962,
,,,16.5199991E-3,7.539999962,
,,,16.5599994E-3,7.559999943,
,,,16.5999997E-3,7.559999943,
,,,16.6400000E-3,7.559999943,
,,,16.6800003E-3,7.539999962,
,,,16.7200007E-3,7.519999981,
,,,16.7599991E-3,7.559999943,
,,,16.7999994E-3,7.559999943,
,,,16.8399997E-3,7.559999943,
,,,16.8800000E-3,7.539999962,
,,,16.9200003E-3,7.559999943,
,,,16.9600006E-3,7.539999962,
,,,16.9999991E-3,7.559999943,
,,,17.0399994E-3,7.559999943,
,,,17.0799997E-3,7.559999943,
,,,17.1200000E-3,7.559999943,
,,,17.1600003E-3,7.559999943,
,,,17.2000006E-3,7.559999943,
,,,17.2399990E-3,7.519999981,
,,,17.2799993E-3,7.559999943,
,,,17.3199996E-3,7.539999962,
,,,17.3599999E-3,7.539999962,
,,,17.4000002E-3,7.599999905,
,,,17.4400005E-3,7.579999924,
,,,17.4799990E-3,7.579999924,
,,,17.5199993E-3,7.559999943,
,,,17.5599996E-3,7.539999962,
,,,17.5999999E-3,7.559999943,
,,,17.6400002E-3,7.559999943,
,,,17.6800005E-3,7.539999962,
,,,17.7199990E-3,7.559999943,
,,,17.7599993E-3,7.559999943,
,,,17.7999996E-3,7.559999943,
,,,17.8399999E-3,7.579999924,
,,,17.8800002E-3,7.579999924,
,,,17.9200005E-3,7.559999943,
,,,17.9599989E-3,7.559999943,
,,,17.9999992E-3,7.619999886,
,,,18.0399995E-3,7.639999866,
,,,18.0799998E-3,7.639999866,
,,,18.1200001E-3,7.639999866,
,,,18.1600004E-3,7.619999886,
,,,18.1999989E-3,7.599999905,
,,,18.2399992E-3,7.619999886,
,,,18.2799995E-3,7.619999886,
,,,18.3199998E-3,7.619999886,
,,,18.3600001E-3,7.599999905,
,,,18.4000004E-3,7.619999886,
,,,18.4399989E-3,7.659999847,
,,,18.4799992E-3,7.619999886,
,,,18.5199995E-3,7.659999847,
,,,18.5599998E-3,7.619999886,
,,,18.6000001E-3,7.619999886,
,,,18.6400004E-3,7.619999886,
,,,18.6799988E-3,7.619999886,
,,,18.7199991E-3,7.619999886,
,,,18.7599994E-3,7.599999905,
,,,18.7999997E-3,7.639999866,
,,,18.8400000E-3,7.639999866,
,,,18.8800003E-3,7.619999886,
,,,18.9199988E-3,7.639999866,
,,,18.9599991E-3,7.599999905,
,,,18.9999994E-3,7.579999924,
,,,19.0399997E-3,7.639999866,
,,,19.0800000E-3,7.619999886,
,,,19.1200003E-3,7.619999886,
,,,19.1600006E-3,7.619999886,
,,,19.1999990E-3,7.639999866,
,,,19.2399994E-3,7.619999886,
,,,19.2799997E-3,7.639999866,
,,,19.3200000E-3,7.599999905,
,,,19.3600003E-3,7.599999905,
,,,19.4000006E-3,7.639999866,
,,,19.4399990E-3,7.639999866,
,,,19.4799993E-3,7.619999886,
,,,19.5199996E-3,7.619999886,
,,,19.5599999E-3,7.599999905,
,,,19.6000002E-3,7.639999866,
,,,19.6400005E-3,7.639999866,
,,,19.6799990E-3,7.619999886,
,,,19.7199993E-3,7.619999886,
,,,19.7599996E-3,7.619999886,
,,,19.7999999E-3,7.639999866,
,,,19.8400002E-3,7.619999886,
,,,19.8800005E-3,7.639999866,
,,,19.9199989E-3,7.619999886,
,,,19.9599992E-3,7.579999924,
,,,19.9999996E-3,7.719999790,
,,,20.0399999E-3,7.719999790,
,,,20.0800002E-3,7.719999790,
,,,20.12000047E-3,7.739999771,
,,,20.15999891E-3,7.699999809,
,,,20.19999921E-3,7.719999790,
,,,20.23999952E-3,7.719999790,
,,,20.27999982E-3,7.699999809,
,,,20.32000013E-3,7.719999790,
,,,20.36000043E-3,7.719999790,
,,,20.39999887E-3,7.719999790,
,,,20.43999918E-3,7.719999790,
,,,20.47999948E-3,7.719999790,
,,,20.51999979E-3,7.719999790,
,,,20.56000009E-3,7.719999790,
,,,20.60000040E-3,7.739999771,
,,,20.63999884E-3,7.699999809,
,,,20.67999914E-3,7.719999790,
,,,20.71999945E-3,7.699999809,
,,,20.75999975E-3,7.739999771,
,,,20.80000006E-3,7.719999790,
,,,20.84000036E-3,7.719999790,
,,,20.87999880E-3,7.719999790,
,,,20.91999911E-3,7.739999771,
,,,20.95999941E-3,7.719999790,
,,,20.99999972E-3,7.699999809,
,,,21.04000002E-3,7.719999790,
,,,21.08000033E-3,7.719999790,
,,,21.11999877E-3,7.719999790,
,,,21.15999907E-3,7.719999790,
,,,21.19999938E-3,7.699999809,
,,,21.23999968E-3,7.679999828,
,,,21.27999999E-3,7.699999809,
,,,21.32000029E-3,7.719999790,
,,,21.35999873E-3,7.739999771,
,,,21.39999904E-3,7.719999790,
,,,21.43999934E-3,7.719999790,
,,,21.47999965E-3,7.699999809,
,,,21.51999995E-3,7.699999809,
,,,21.56000026E-3,7.699999809,
,,,21.60000056E-3,7.719999790,
,,,21.63999900E-3,7.719999790,
,,,21.67999931E-3,7.679999828,
,,,21.71999961E-3,7.679999828,
,,,21.75999992E-3,7.699999809,
,,,21.80000022E-3,7.699999809,
,,,21.84000053E-3,7.719999790,
,,,21.87999897E-3,7.719999790,
,,,21.91999927E-3,7.719999790,
,,,21.95999958E-3,7.719999790,
,,,21.99999988E-3,7.759999752,
,,,22.04000019E-3,7.779999733,
,,,22.08000049E-3,7.779999733,
,,,22.11999893E-3,7.739999771,
,,,22.15999924E-3,7.759999752,
,,,22.19999954E-3,7.759999752,
,,,22.23999985E-3,7.719999790,
,,,22.28000015E-3,7.759999752,
,,,22.32000045E-3,7.779999733,
,,,22.35999890E-3,7.779999733,
,,,22.39999920E-3,7.759999752,
,,,22.43999951E-3,7.759999752,
,,,22.47999981E-3,7.739999771,
,,,22.52000012E-3,7.759999752,
,,,22.56000042E-3,7.719999790,
,,,22.59999886E-3,7.779999733,
,,,22.63999917E-3,7.779999733,
,,,22.67999947E-3,7.739999771,
,,,22.71999978E-3,7.759999752,
,,,22.76000008E-3,7.739999771,
,,,22.80000038E-3,7.739999771,
,,,22.83999883E-3,7.779999733,
,,,22.87999913E-3,7.759999752,
,,,22.91999944E-3,7.739999771,
,,,22.95999974E-3,7.739999771,
,,,23.00000004E-3,7.759999752,
,,,23.04000035E-3,7.759999752,
,,,23.07999879E-3,7.759999752,
,,,23.11999910E-3,7.759999752,
,,,23.15999940E-3,7.739999771,
,,,23.19999970E-3,7.739999771,
,,,23.24000001E-3,7.759999752,
,,,23.28000031E-3,7.739999771,
,,,23.31999876E-3,7.759999752,
,,,23.35999906E-3,7.759999752,
,,,23.39999937E-3,7.759999752,
,,,23.43999967E-3,7.739999771,
,,,23.47999997E-3,7.719999790,
,,,23.52000028E-3,7.719999790,
,,,23.55999872E-3,7.739999771,
,,,23.59999903E-3,7.759999752,
,,,23.63999933E-3,7.799999714,
,,,23.67999963E-3,7.779999733,
,,,23.71999994E-3,7.719999790,
,,,23.76000024E-3,7.759999752,
,,,23.79999869E-3,7.759999752,
,,,23.83999899E-3,7.759999752,
,,,23.87999929E-3,7.739999771,
,,,23.91999960E-3,7.739999771,
,,,23.95999990E-3,7.739999771,
,,,24.00000021E-3,7.799999714,
,,,24.03999865E-3,7.819999695,
,,,24.07999896E-3,7.819999695,
,,,24.11999926E-3,7.819999695,
,,,24.15999956E-3,7.839999676,
,,,24.19999987E-3,7.819999695,
,,,24.24000017E-3,7.799999714,
,,,24.28000048E-3,7.799999714,
,,,24.31999892E-3,7.839999676,
,,,24.35999922E-3,7.819999695,
,,,24.39999953E-3,7.799999714,
,,,24.43999983E-3,7.799999714,
,,,24.48000014E-3,7.799999714,
,,,24.52000044E-3,7.819999695,
,,,24.55999888E-3,7.819999695,
,,,24.59999919E-3,7.839999676,
,,,24.63999949E-3,7.819999695,
,,,24.67999980E-3,7.819999695,
,,,24.72000010E-3,7.819999695,
,,,24.76000041E-3,7.819999695,
,,,24.79999885E-3,7.839999676,
,,,24.83999915E-3,7.819999695,
,,,24.87999946E-3,7.839999676,
,,,24.91999976E-3,7.799999714,
,,,24.96000007E-3,7.819999695,
,,,25.00000037E-3,7.819999695,
,,,25.03999881E-3,7.839999676,
,,,25.07999912E-3,7.819999695,
,,,25.11999942E-3,7.799999714,
,,,25.15999973E-3,7.799999714,
,,,25.20000003E-3,7.819999695,
,,,25.24000034E-3,7.819999695,
,,,25.27999878E-3,7.779999733,
,,,25.31999908E-3,7.819999695,
,,,25.35999939E-3,7.819999695,
,,,25.39999969E-3,7.819999695,
,,,25.44000000E-3,7.799999714,
,,,25.48000030E-3,7.819999695,
,,,25.51999874E-3,7.839999676,
,,,25.55999905E-3,7.819999695,
,,,25.59999935E-3,7.819999695,
,,,25.63999966E-3,7.819999695,
,,,25.67999996E-3,7.819999695,
,,,25.72000027E-3,7.779999733,
,,,25.75999871E-3,7.819999695,
,,,25.79999901E-3,7.839999676,
,,,25.83999932E-3,7.839999676,
,,,25.87999962E-3,7.819999695,
,,,25.91999993E-3,7.799999714,
,,,25.96000023E-3,7.799999714,
,,,25.99999867E-3,7.899999619,
,,,26.03999898E-3,7.899999619,
,,,26.07999928E-3,7.899999619,
,,,26.11999959E-3,7.899999619,
,,,26.15999989E-3,7.879999638,
,,,26.20000020E-3,7.859999657,
,,,26.23999864E-3,7.879999638,
,,,26.27999894E-3,7.879999638,
,,,26.31999925E-3,7.899999619,
,,,26.35999955E-3,7.879999638,
,,,26.39999986E-3,7.859999657,
,,,26.44000016E-3,7.879999638,
,,,26.47999860E-3,7.899999619,
,,,26.51999891E-3,7.859999657,
,,,26.55999921E-3,7.919999599,
,,,26.59999952E-3,7.899999619,
,,,26.63999982E-3,7.879999638,
,,,26.68000013E-3,7.879999638,
,,,26.71999857E-3,7.879999638,
,,,26.75999887E-3,7.879999638,
,,,26.79999918E-3,7.919999599,
,,,26.83999948E-3,7.879999638,
,,,26.87999979E-3,7.879999638,
,,,26.92000009E-3,7.839999676,
,,,26.96000040E-3,7.839999676,
,,,26.99999884E-3,7.879999638,
,,,27.03999914E-3,7.879999638,
,,,27.07999945E-3,7.919999599,
,,,27.11999975E-3,7.879999638,
,,,27.16000006E-3,7.879999638,
,,,27.20000036E-3,7.859999657,
,,,27.23999880E-3,7.859999657,
,,,27.27999911E-3,7.899999619,
,,,27.31999941E-3,7.899999619,
,,,27.35999972E-3,7.879999638,
,,,27.40000002E-3,7.879999638,
,,,27.44000033E-3,7.859999657,
,,,27.47999877E-3,7.879999638,
,,,27.51999907E-3,7.879999638,
,,,27.55999938E-3,7.879999638,
,,,27.59999968E-3,7.859999657,
,,,27.63999999E-3,7.919999599,
,,,27.68000029E-3,7.899999619,
,,,27.71999873E-3,7.899999619,
,,,27.75999904E-3,7.839999676,
,,,27.79999934E-3,7.879999638,
,,,27.83999965E-3,7.899999619,
,,,27.87999995E-3,7.879999638,
,,,27.92000026E-3,7.839999676,
,,,27.95999870E-3,7.859999657,
,,,27.99999900E-3,7.859999657,
,,,28.03999931E-3,7.839999676,
,,,28.07999961E-3,7.879999638,
,,,28.11999992E-3,7.859999657,
,,,28.16000022E-3,7.899999619,
,,,28.19999866E-3,7.859999657,
,,,28.23999897E-3,7.899999619,
,,,28.27999927E-3,7.879999638,
,,,28.31999958E-3,7.879999638,
,,,28.35999988E-3,7.879999638,
,,,28.40000018E-3,7.879999638,
,,,28.43999863E-3,7.879999638,
,,,28.47999893E-3,7.839999676,
,,,28.51999924E-3,7.879999638,
,,,28.55999954E-3,7.839999676,
,,,28.59999985E-3,7.879999638,
,,,28.64000015E-3,7.879999638,
,,,28.67999859E-3,7.879999638,
,,,28.71999890E-3,7.859999657,
,,,28.75999920E-3,7.879999638,
,,,28.79999951E-3,7.879999638,
,,,28.83999981E-3,7.879999638,
,,,28.88000011E-3,7.879999638,
,,,28.91999856E-3,7.859999657,
,,,28.95999886E-3,7.859999657,
,,,28.99999917E-3,7.879999638,
,,,29.03999947E-3,7.859999657,
,,,29.07999977E-3,7.879999638,
,,,29.12000008E-3,7.879999638,
,,,29.15999852E-3,7.879999638,
,,,29.19999883E-3,7.859999657,
,,,29.23999913E-3,7.879999638,
,,,29.27999943E-3,7.940000057,
,,,29.31999974E-3,7.919999599,
,,,29.36000004E-3,7.899999619,
,,,29.40000035E-3,7.859999657,
,,,29.43999879E-3,7.839999676,
,,,29.47999910E-3,7.859999657,
,,,29.51999940E-3,7.879999638,
,,,29.55999970E-3,7.879999638,
,,,29.60000001E-3,7.859999657,
,,,29.64000031E-3,7.859999657,
,,,29.67999876E-3,7.859999657,
,,,29.71999906E-3,7.859999657,
,,,29.75999936E-3,7.839999676,
,,,29.79999967E-3,7.879999638,
,,,29.83999997E-3,7.879999638,
,,,29.88000028E-3,7.879999638,
,,,29.91999872E-3,7.879999638,
,,,29.95999902E-3,7.879999638,
,,,29.99999933E-3,7.899999619,
,,,30.03999963E-3,7.919999599,
,,,30.07999994E-3,7.940000057,
,,,30.12000024E-3,7.919999599,
,,,30.15999869E-3,7.919999599,
,,,30.19999899E-3,7.919999599,
,,,30.23999929E-3,7.899999619,
,,,30.27999960E-3,7.940000057,
,,,30.31999990E-3,7.919999599,
,,,30.36000021E-3,7.919999599,
,,,30.39999865E-3,7.899999619,
,,,30.43999895E-3,7.879999638,
,,,30.47999926E-3,7.879999638,
,,,30.51999956E-3,7.899999619,
,,,30.55999987E-3,7.919999599,
,,,30.60000017E-3,7.919999599,
,,,30.63999861E-3,7.919999599,
,,,30.67999892E-3,7.879999638,
,,,30.71999922E-3,7.919999599,
,,,30.75999953E-3,7.879999638,
,,,30.79999983E-3,7.879999638,
,,,30.84000014E-3,7.899999619,
,,,30.87999858E-3,7.879999638,
,,,30.91999888E-3,7.879999638,
,,,30.95999919E-3,7.859999657,
,,,30.99999949E-3,7.859999657,
,,,31.03999980E-3,7.899999619,
,,,31.08000010E-3,7.919999599,
,,,31.11999854E-3,7.899999619,
,,,31.15999885E-3,7.879999638,
,,,31.19999915E-3,7.919999599,
,,,31.23999946E-3,7.919999599,
,,,31.27999976E-3,7.919999599,
,,,31.31999820E-3,7.940000057,
,,,31.36000037E-3,7.919999599,
,,,31.39999881E-3,7.899999619,
,,,31.44000098E-3,7.899999619,
,,,31.47999942E-3,7.919999599,
,,,31.51999786E-3,7.919999599,
,,,31.56000003E-3,7.919999599,
,,,31.59999847E-3,7.899999619,
,,,31.64000064E-3,7.899999619,
,,,31.67999908E-3,7.879999638,
,,,31.71999753E-3,7.919999599,
,,,31.75999969E-3,7.899999619,
,,,31.79999813E-3,7.879999638,
,,,31.84000030E-3,7.919999599,
,,,31.87999874E-3,7.899999619,
,,,31.92000091E-3,7.899999619,
,,,31.95999935E-3,7.859999657,
,,,31.99999779E-3,7.919999599,
,,,32.03999996E-3,7.960000038,
,,,32.07999840E-3,7.940000057,
,,,32.12000057E-3,7.940000057,
,,,32.15999901E-3,7.940000057,
,,,32.20000118E-3,7.919999599,
,,,32.23999962E-3,7.919999599,
,,,32.27999806E-3,7.940000057,
,,,32.32000023E-3,7.940000057,
,,,32.35999867E-3,7.940000057,
,,,32.40000084E-3,7.960000038,
,,,32.43999928E-3,7.960000038,
,,,32.47999772E-3,7.960000038,
,,,32.51999989E-3,7.919999599,
,,,32.55999833E-3,7.960000038,
,,,32.60000050E-3,7.919999599,
,,,32.63999894E-3,7.960000038,
,,,32.68000111E-3,7.960000038,
,,,32.71999955E-3,7.940000057,
,,,32.75999799E-3,7.940000057,
,,,32.80000016E-3,7.940000057,
,,,32.83999860E-3,7.960000038,
,,,32.88000077E-3,7.940000057,
,,,32.91999921E-3,7.940000057,
,,,32.95999765E-3,7.940000057,
,,,32.99999982E-3,7.940000057,
,,,33.03999826E-3,7.940000057,
,,,33.08000043E-3,7.940000057,
,,,33.11999887E-3,7.960000038,
,,,33.16000104E-3,7.919999599,
,,,33.19999948E-3,7.940000057,
,,,33.23999792E-3,7.919999599,
,,,33.28000009E-3,7.960000038,
,,,33.31999853E-3,7.960000038,
,,,33.36000070E-3,7.940000057,
,,,33.39999914E-3,7.940000057,
,,,33.43999758E-3,7.940000057,
,,,33.47999975E-3,7.919999599,
,,,33.51999819E-3,7.940000057,
,,,33.56000036E-3,7.940000057,
,,,33.59999880E-3,7.899999619,
,,,33.64000097E-3,7.919999599,
,,,33.67999941E-3,7.940000057,
,,,33.71999785E-3,7.919999599,
,,,33.76000002E-3,7.940000057,
,,,33.79999846E-3,7.919999599,
,,,33.84000063E-3,7.940000057,
,,,33.87999907E-3,7.960000038,
,,,33.91999751E-3,7.940000057,
,,,33.95999968E-3,7.940000057,
,,,33.99999812E-3,7.980000019,
,,,34.04000029E-3,8.000000000,
,,,34.07999873E-3,7.960000038,
,,,34.12000090E-3,7.960000038,
,,,34.15999934E-3,7.980000019,
,,,34.19999778E-3,7.980000019,
,,,34.23999995E-3,7.980000019,
,,,34.27999839E-3,7.980000019,
,,,34.32000056E-3,7.980000019,
,,,34.35999900E-3,7.980000019,
,,,34.40000117E-3,8.000000000,
,,,34.43999961E-3,7.960000038,
,,,34.47999805E-3,7.960000038,
,,,34.52000022E-3,7.980000019,
,,,34.55999866E-3,7.980000019,
,,,34.60000083E-3,8.000000000,
,,,34.63999927E-3,7.960000038,
,,,34.67999771E-3,7.940000057,
,,,34.71999988E-3,7.940000057,
,,,34.75999832E-3,7.960000038,
,,,34.80000049E-3,7.980000019,
,,,34.83999893E-3,7.980000019,
,,,34.88000110E-3,8.000000000,
,,,34.91999954E-3,7.980000019,
,,,34.95999798E-3,7.980000019,
,,,35.00000015E-3,7.980000019,
,,,35.03999859E-3,7.960000038,
,,,35.08000076E-3,8.000000000,
,,,35.11999920E-3,8.000000000,
,,,35.15999764E-3,7.960000038,
,,,35.19999981E-3,7.960000038,
,,,35.23999825E-3,7.980000019,
,,,35.28000042E-3,7.940000057,
,,,35.31999886E-3,7.960000038,
,,,35.36000103E-3,7.960000038,
,,,35.39999947E-3,7.980000019,
,,,35.43999791E-3,7.980000019,
,,,35.48000008E-3,7.960000038,
,,,35.51999852E-3,8.000000000,
,,,35.56000069E-3,8.019999504,
,,,35.59999913E-3,8.000000000,
,,,35.63999757E-3,7.960000038,
,,,35.67999974E-3,7.960000038,
,,,35.71999818E-3,7.919999599,
,,,35.76000035E-3,8.000000000,
,,,35.79999879E-3,7.940000057,
,,,35.84000096E-3,8.000000000,
,,,35.87999940E-3,7.980000019,
,,,35.91999784E-3,7.980000019,
,,,35.96000001E-3,7.960000038,
,,,35.99999845E-3,7.940000057,
,,,36.04000062E-3,7.960000038,
,,,36.07999906E-3,8.000000000,
,,,36.11999750E-3,7.980000019,
,,,36.15999967E-3,7.980000019,
,,,36.19999811E-3,7.940000057,
,,,36.24000028E-3,7.960000038,
,,,36.27999872E-3,7.960000038,
,,,36.32000089E-3,7.980000019,
,,,36.35999933E-3,7.960000038,
,,,36.39999777E-3,7.980000019,
,,,36.43999994E-3,7.960000038,
,,,36.47999838E-3,7.980000019,
,,,36.52000055E-3,7.980000019,
,,,36.55999899E-3,7.980000019,
,,,36.59999743E-3,7.980000019,
,,,36.63999960E-3,8.000000000,
,,,36.67999804E-3,7.980000019,
,,,36.72000021E-3,8.000000000,
,,,36.75999865E-3,7.960000038,
,,,36.80000082E-3,7.940000057,
,,,36.83999926E-3,7.980000019,
,,,36.87999770E-3,7.980000019,
,,,36.91999987E-3,7.960000038,
,,,36.95999831E-3,7.940000057,
,,,37.00000048E-3,7.940000057,
,,,37.03999892E-3,7.960000038,
,,,37.08000109E-3,8.000000000,
,,,37.11999953E-3,7.980000019,
,,,37.15999797E-3,7.960000038,
,,,37.20000014E-3,7.940000057,
,,,37.23999858E-3,7.980000019,
,,,37.28000075E-3,7.980000019,
,,,37.31999919E-3,7.980000019,
,,,37.35999763E-3,7.980000019,
,,,37.39999980E-3,7.980000019,
,,,37.43999824E-3,7.960000038,
,,,37.48000041E-3,7.960000038,
,,,37.51999885E-3,7.980000019,
,,,37.56000102E-3,7.980000019,
,,,37.59999946E-3,7.960000038,
,,,37.63999790E-3,7.960000038,
,,,37.68000007E-3,7.960000038,
,,,37.71999851E-3,7.960000038,
,,,37.76000068E-3,8.000000000,
,,,37.79999912E-3,7.980000019,
,,,37.83999756E-3,8.000000000,
,,,37.87999973E-3,7.940000057,
,,,37.91999817E-3,7.960000038,
,,,37.96000034E-3,8.000000000,
,,,37.99999878E-3,8.039999962,
,,,38.04000095E-3,8.000000000,
,,,38.07999939E-3,8.019999504,
,,,38.11999783E-3,8.000000000,
,,,38.16000000E-3,8.039999962,
,,,38.19999844E-3,8.000000000,
,,,38.24000061E-3,8.000000000,
,,,38.27999905E-3,8.000000000,
,,,38.31999749E-3,8.000000000,
,,,38.35999966E-3,8.000000000,
,,,38.39999810E-3,8.000000000,
,,,38.44000027E-3,8.019999504,
,,,38.47999871E-3,8.019999504,
,,,38.52000087E-3,8.019999504,
,,,38.55999932E-3,8.000000000,
,,,38.59999776E-3,8.000000000,
,,,38.63999993E-3,8.000000000,
,,,38.67999837E-3,8.019999504,
,,,38.72000054E-3,7.980000019,
,,,38.75999898E-3,8.000000000,
,,,38.79999742E-3,8.000000000,
,,,38.83999959E-3,8.000000000,
,,,38.87999803E-3,8.000000000,
,,,38.92000020E-3,8.000000000,
,,,38.95999864E-3,8.000000000,
,,,39.00000080E-3,8.019999504,
,,,39.03999925E-3,8.019999504,
,,,39.07999769E-3,8.019999504,
,,,39.11999986E-3,8.019999504,
,,,39.15999830E-3,8.000000000,
,,,39.20000046E-3,8.000000000,
,,,39.23999891E-3,8.000000000,
,,,39.27999735E-3,8.019999504,
,,,39.31999952E-3,8.000000000,
,,,39.35999796E-3,8.019999504,
,,,39.40000013E-3,8.000000000,
,,,39.43999857E-3,8.000000000,
,,,39.48000073E-3,8.000000000,
,,,39.51999918E-3,8.000000000,
,,,39.55999762E-3,8.000000000,
,,,39.59999979E-3,8.059999466,
,,,39.63999823E-3,8.000000000,
,,,39.68000039E-3,8.000000000,
,,,39.71999884E-3,8.000000000,
,,,39.76000100E-3,8.019999504,
,,,39.79999945E-3,8.019999504,
,,,39.83999789E-3,8.000000000,
,,,39.88000005E-3,7.980000019,
,,,39.91999850E-3,8.000000000,
,,,39.96000066E-3,7.960000038,
,,,39.99999911E-3,7.980000019,
,,,40.03999755E-3,7.960000038,
,,,40.07999972E-3,8.019999504,
,,,40.11999816E-3,8.000000000,
,,,40.16000032E-3,8.019999504,
,,,40.19999877E-3,8.019999504,
,,,40.24000093E-3,8.000000000,
,,,40.27999938E-3,8.019999504,
,,,40.31999782E-3,8.019999504,
,,,40.35999998E-3,8.000000000,
,,,40.39999843E-3,8.000000000,
,,,40.44000059E-3,8.000000000,
,,,40.47999904E-3,7.980000019,
,,,40.51999748E-3,8.000000000,
,,,40.55999964E-3,8.000000000,
,,,40.59999809E-3,8.019999504,
,,,40.64000025E-3,8.000000000,
,,,40.67999870E-3,7.980000019,
,,,40.72000086E-3,8.000000000,
,,,40.75999931E-3,8.000000000,
,,,40.79999775E-3,8.039999962,
,,,40.83999991E-3,8.019999504,
,,,40.87999836E-3,8.000000000,
,,,40.92000052E-3,7.980000019,
,,,40.95999897E-3,7.980000019,
,,,40.99999741E-3,8.000000000,
,,,41.03999957E-3,8.000000000,
,,,41.07999802E-3,8.000000000,
,,,41.12000018E-3,7.980000019,
,,,41.15999863E-3,8.039999962,
,,,41.20000079E-3,7.980000019,
,,,41.23999923E-3,7.960000038,
,,,41.27999768E-3,7.980000019,
,,,41.31999984E-3,8.000000000,
,,,41.35999829E-3,8.019999504,
,,,41.40000045E-3,8.019999504,
,,,41.43999889E-3,8.019999504,
,,,41.47999734E-3,7.960000038,
,,,41.51999950E-3,8.000000000,
,,,41.55999795E-3,8.039999962,
,,,41.60000011E-3,8.000000000,
,,,41.63999856E-3,8.000000000,
,,,41.68000072E-3,7.940000057,
,,,41.71999916E-3,7.980000019,
,,,41.75999761E-3,8.000000000,
,,,41.79999977E-3,8.019999504,
,,,41.83999822E-3,8.019999504,
,,,41.88000038E-3,8.000000000,
,,,41.91999882E-3,8.000000000,
,,,41.95999727E-3,8.000000000,
,,,41.99999943E-3,8.019999504,
,,,42.03999788E-3,8.019999504,
,,,42.08000004E-3,8.059999466,
,,,42.11999848E-3,8.039999962,
,,,42.16000065E-3,8.059999466,
,,,42.19999909E-3,8.039999962,
,,,42.23999754E-3,8.000000000,
,,,42.27999970E-3,8.059999466,
,,,42.31999815E-3,8.039999962,
,,,42.36000031E-3,8.059999466,
,,,42.39999875E-3,8.019999504,
,,,42.44000092E-3,8.019999504,
,,,42.47999936E-3,8.000000000,
,,,42.51999781E-3,8.039999962,
,,,42.55999997E-3,8.059999466,
,,,42.59999841E-3,8.039999962,
,,,42.64000058E-3,8.019999504,
,,,42.67999902E-3,8.019999504,
,,,42.71999747E-3,8.059999466,
,,,42.75999963E-3,8.099999428,
,,,42.79999807E-3,8.059999466,
,,,42.84000024E-3,8.019999504,
,,,42.87999868E-3,8.019999504,
,,,42.92000085E-3,8.019999504,
,,,42.95999929E-3,8.059999466,
,,,42.99999774E-3,8.039999962,
,,,43.03999990E-3,8.059999466,
,,,43.07999834E-3,8.019999504,
,,,43.12000051E-3,8.019999504,
,,,43.15999895E-3,8.039999962,
,,,43.19999740E-3,8.039999962,
,,,43.23999956E-3,8.039999962,
,,,43.27999800E-3,8.059999466,
,,,43.32000017E-3,8.059999466,
,,,43.35999861E-3,8.039999962,
,,,43.40000078E-3,8.019999504,
,,,43.43999922E-3,8.039999962,
,,,43.47999766E-3,8.000000000,
,,,43.51999983E-3,8.039999962,
,,,43.55999827E-3,8.039999962,
,,,43.60000044E-3,8.059999466,
,,,43.63999888E-3,8.039999962,
,,,43.67999732E-3,8.000000000,
,,,43.71999949E-3,8.039999962,
,,,43.75999793E-3,8.039999962,
,,,43.80000010E-3,8.059999466,
,,,43.83999854E-3,8.039999962,
,,,43.88000071E-3,8.039999962,
,,,43.91999915E-3,8.019999504,
,,,43.95999759E-3,8.000000000,
,,,43.99999976E-3,8.039999962,
,,,44.03999820E-3,8.019999504,
,,,44.08000037E-3,8.039999962,
,,,44.11999881E-3,8.000000000,
,,,44.15999725E-3,8.039999962,
,,,44.19999942E-3,8.019999504,
,,,44.23999786E-3,8.039999962,
,,,44.28000003E-3,8.019999504,
,,,44.31999847E-3,8.039999962,
,,,44.36000064E-3,8.059999466,
,,,44.39999908E-3,8.079999924,
,,,44.43999752E-3,8.039999962,
,,,44.47999969E-3,8.019999504,
,,,44.51999813E-3,8.039999962,
,,,44.56000030E-3,8.019999504,
,,,44.59999874E-3,8.039999962,
,,,44.63999718E-3,8.019999504,
,,,44.67999935E-3,8.019999504,
,,,44.71999779E-3,8.039999962,
,,,44.75999996E-3,8.059999466,
,,,44.79999840E-3,8.059999466,
,,,44.84000057E-3,8.039999962,
,,,44.87999901E-3,8.019999504,
,,,44.91999745E-3,8.039999962,
,,,44.95999962E-3,8.000000000,
,,,44.99999806E-3,8.039999962,
,,,45.04000023E-3,8.039999962,
,,,45.07999867E-3,8.099999428,
,,,45.12000084E-3,8.019999504,
,,,45.15999928E-3,8.000000000,
,,,45.19999772E-3,8.019999504,
,,,45.23999989E-3,8.019999504,
,,,45.27999833E-3,8.039999962,
,,,45.32000050E-3,8.019999504,
,,,45.35999894E-3,8.039999962,
,,,45.39999738E-3,8.039999962,
,,,45.43999955E-3,8.019999504,
,,,45.47999799E-3,8.000000000,
,,,45.52000016E-3,8.039999962,
,,,45.55999860E-3,8.059999466,
,,,45.60000077E-3,8.039999962,
,,,45.63999921E-3,8.019999504,
,,,45.67999765E-3,8.019999504,
,,,45.71999982E-3,8.000000000,
,,,45.75999826E-3,8.039999962,
,,,45.80000043E-3,8.019999504,
,,,45.83999887E-3,8.039999962,
,,,45.87999731E-3,8.039999962,
,,,45.91999948E-3,8.039999962,
,,,45.95999792E-3,8.039999962,
,,,46.00000009E-3,8.119999886,
,,,46.03999853E-3,8.039999962,
,,,46.08000070E-3,8.059999466,
,,,46.11999914E-3,8.059999466,
,,,46.15999758E-3,8.079999924,
,,,46.19999975E-3,8.059999466,
,,,46.23999819E-3,8.099999428,
,,,46.28000036E-3,8.059999466,
,,,46.31999880E-3,8.079999924,
,,,46.35999724E-3,8.079999924,
,,,46.39999941E-3,8.059999466,
,,,46.43999785E-3,8.059999466,
,,,46.48000002E-3,8.059999466,
,,,46.51999846E-3,8.099999428,
,,,46.56000063E-3,8.099999428,
,,,46.59999907E-3,8.079999924,
,,,46.63999751E-3,8.059999466,
,,,46.67999968E-3,8.059999466,
,,,46.71999812E-3,8.059999466,
,,,46.76000029E-3,8.079999924,
,,,46.79999873E-3,8.079999924,
,,,46.83999717E-3,8.059999466,
,,,46.87999934E-3,8.079999924,
,,,46.91999778E-3,8.059999466,
,,,46.95999995E-3,8.059999466,
,,,46.99999839E-3,8.099999428,
,,,47.04000056E-3,8.079999924,
,,,47.07999900E-3,8.119999886,
,,,47.11999744E-3,8.079999924,
,,,47.15999961E-3,8.079999924,
,,,47.19999805E-3,8.059999466,
,,,47.24000022E-3,8.099999428,
,,,47.27999866E-3,8.059999466,
,,,47.32000083E-3,8.079999924,
,,,47.35999927E-3,8.079999924,
,,,47.39999771E-3,8.059999466,
,,,47.43999988E-3,8.059999466,
,,,47.47999832E-3,8.059999466,
,,,47.52000049E-3,8.119999886,
,,,47.55999893E-3,8.099999428,
,,,47.59999737E-3,8.039999962,
,,,47.63999954E-3,8.039999962,
,,,47.67999798E-3,8.079999924,
,,,47.72000015E-3,8.079999924,
,,,47.75999859E-3,8.099999428,
,,,47.80000076E-3,8.099999428,
,,,47.83999920E-3,8.079999924,
,,,47.87999764E-3,8.059999466,
,,,47.91999981E-3,8.059999466,
,,,47.95999825E-3,8.059999466,
,,,48.00000042E-3,8.099999428,
,,,48.03999886E-3,8.099999428,
,,,48.07999730E-3,8.099999428,
,,,48.11999947E-3,8.099999428,
,,,48.15999791E-3,8.099999428,
,,,48.20000008E-3,8.059999466,
,,,48.23999852E-3,8.099999428,
,,,48.28000069E-3,8.059999466,
,,,48.31999913E-3,8.099999428,
,,,48.35999757E-3,8.099999428,
,,,48.39999974E-3,8.099999428,
,,,48.43999818E-3,8.119999886,
,,,48.48000035E-3,8.059999466,
,,,48.51999879E-3,8.119999886,
,,,48.55999723E-3,8.119999886,
,,,48.59999940E-3,8.099999428,
,,,48.63999784E-3,8.059999466,
,,,48.68000001E-3,8.059999466,
,,,48.71999845E-3,8.099999428,
,,,48.76000062E-3,8.099999428,
,,,48.79999906E-3,8.079999924,
,,,48.83999750E-3,8.099999428,
,,,48.87999967E-3,8.079999924,
,,,48.91999811E-3,8.099999428,
,,,48.96000028E-3,8.079999924,
,,,48.99999872E-3,8.099999428,
,,,49.03999716E-3,8.099999428,
,,,49.07999933E-3,8.119999886,
,,,49.11999777E-3,8.099999428,
,,,49.15999994E-3,8.079999924,
,,,49.19999838E-3,8.079999924,
,,,49.24000055E-3,8.059999466,
,,,49.27999899E-3,8.079999924,
,,,49.31999743E-3,8.119999886,
,,,49.35999960E-3,8.099999428,
,,,49.39999804E-3,8.099999428,
,,,49.44000021E-3,8.099999428,
,,,49.47999865E-3,8.099999428,
,,,49.51999709E-3,8.099999428,
,,,49.55999926E-3,8.119999886,
,,,49.59999770E-3,8.099999428,
,,,49.63999987E-3,8.099999428,
,,,49.67999831E-3,8.079999924,
,,,49.72000048E-3,8.079999924,
,,,49.75999892E-3,8.119999886,
,,,49.79999736E-3,8.119999886,
,,,49.83999953E-3,8.099999428,
,,,49.87999797E-3,8.119999886,
,,,49.92000014E-3,8.079999924,
,,,49.95999858E-3,8.099999428,
,,,50.00000075E-3,8.099999428,
,,,50.03999919E-3,8.079999924,
,,,50.07999763E-3,8.079999924,
,,,50.11999980E-3,8.079999924,
,,,50.15999824E-3,8.059999466,
,,,50.20000041E-3,8.059999466,
,,,50.23999885E-3,8.039999962,
,,,50.27999729E-3,8.059999466,
,,,50.31999946E-3,8.059999466,
,,,50.35999790E-3,8.079999924,
,,,50.40000007E-3,8.119999886,
,,,50.43999851E-3,8.039999962,
,,,50.48000067E-3,8.059999466,
,,,50.51999912E-3,8.099999428,
,,,50.55999756E-3,8.079999924,
,,,50.59999973E-3,8.079999924,
,,,50.63999817E-3,8.059999466,
,,,50.68000033E-3,8.059999466,
,,,50.71999878E-3,8.059999466,
,,,50.75999722E-3,8.059999466,
,,,50.79999939E-3,8.059999466,
,,,50.83999783E-3,8.059999466,
,,,50.88000000E-3,8.079999924,
,,,50.91999844E-3,8.059999466,
,,,50.96000060E-3,8.079999924,
,,,50.99999905E-3,8.079999924,
,,,51.03999749E-3,8.079999924,
,,,51.07999966E-3,8.059999466,
,,,51.11999810E-3,8.079999924,
,,,51.16000026E-3,8.079999924,
,,,51.19999871E-3,8.059999466,
,,,51.23999715E-3,8.079999924,
,,,51.27999932E-3,8.059999466,
,,,51.31999776E-3,8.079999924,
,,,51.35999992E-3,8.079999924,
,,,51.39999837E-3,8.079999924,
,,,51.44000053E-3,8.099999428,
,,,51.47999898E-3,8.099999428,
,,,51.51999742E-3,8.079999924,
,,,51.55999959E-3,8.079999924,
,,,51.59999803E-3,8.099999428,
,,,51.64000019E-3,8.079999924,
,,,51.67999864E-3,8.039999962,
,,,51.71999708E-3,8.059999466,
,,,51.75999925E-3,8.079999924,
,,,51.79999769E-3,8.079999924,
,,,51.83999985E-3,8.079999924,
,,,51.87999830E-3,8.119999886,
,,,51.92000046E-3,8.099999428,
,,,51.95999891E-3,8.099999428,
,,,51.99999735E-3,8.119999886,
,,,52.03999951E-3,8.139999390,
,,,52.07999796E-3,8.079999924,
,,,52.12000012E-3,8.119999886,
,,,52.15999857E-3,8.079999924,
,,,52.19999701E-3,8.099999428,
,,,52.23999918E-3,8.119999886,
,,,52.27999762E-3,8.099999428,
,,,52.31999978E-3,8.119999886,
,,,52.35999823E-3,8.059999466,
,,,52.40000039E-3,8.099999428,
,,,52.43999884E-3,8.119999886,
,,,52.47999728E-3,8.099999428,
,,,52.51999944E-3,8.119999886,
,,,52.55999789E-3,8.119999886,
,,,52.60000005E-3,8.099999428,
,,,52.63999850E-3,8.079999924,
,,,52.68000066E-3,8.079999924,
,,,52.71999910E-3,8.079999924,
,,,52.75999755E-3,8.099999428,
,,,52.79999971E-3,8.099999428,
,,,52.83999816E-3,8.099999428,
,,,52.88000032E-3,8.079999924,
,,,52.91999876E-3,8.099999428,
,,,52.95999721E-3,8.079999924,
,,,52.99999937E-3,8.079999924,
,,,53.03999782E-3,8.099999428,
,,,53.07999998E-3,8.119999886,
,,,53.11999843E-3,8.059999466,
,,,53.16000059E-3,8.119999886,
,,,53.19999903E-3,8.099999428,
,,,53.23999748E-3,8.119999886,
,,,53.27999964E-3,8.119999886,
,,,53.31999809E-3,8.079999924,
,,,53.36000025E-3,8.079999924,
,,,53.39999869E-3,8.079999924,
,,,53.43999714E-3,8.099999428,
,,,53.47999930E-3,8.099999428,
,,,53.51999775E-3,8.059999466,
,,,53.55999991E-3,8.139999390,
,,,53.59999835E-3,8.119999886,
,,,53.64000052E-3,8.099999428,
,,,53.67999896E-3,8.079999924,
,,,53.71999741E-3,8.099999428,
,,,53.75999957E-3,8.119999886,
,,,53.79999802E-3,8.119999886,
,,,53.84000018E-3,8.099999428,
,,,53.87999862E-3,8.099999428,
,,,53.91999707E-3,8.099999428,
,,,53.95999923E-3,8.119999886,
,,,53.99999768E-3,8.119999886,
,,,54.03999984E-3,8.119999886,
,,,54.07999828E-3,8.119999886,
,,,54.12000045E-3,8.099999428,
,,,54.15999889E-3,8.079999924,
,,,54.19999734E-3,8.099999428,
,,,54.23999950E-3,8.099999428,
,,,54.27999794E-3,8.139999390,
,,,54.32000011E-3,8.119999886,
,,,54.35999855E-3,8.099999428,
,,,54.39999700E-3,8.099999428,
,,,54.43999916E-3,8.079999924,
,,,54.47999761E-3,8.099999428,
,,,54.51999977E-3,8.099999428,
,,,54.55999821E-3,8.139999390,
,,,54.600000381E-3,8.059999466,
,,,54.639998823E-3,8.079999924,
,,,54.679997265E-3,8.099999428,
,,,54.719999433E-3,8.079999924,
,,,54.759997874E-3,8.059999466,
,,,54.800000042E-3,8.079999924,
,,,54.839998484E-3,8.119999886,
,,,54.880000651E-3,8.099999428,
,,,54.919999093E-3,8.059999466,
,,,54.959997535E-3,8.099999428,
,,,54.999999702E-3,8.099999428,
,,,55.039998144E-3,8.079999924,
,,,55.080000311E-3,8.099999428,
,,,55.119998753E-3,8.099999428,
,,,55.159997195E-3,8.079999924,
,,,55.199999362E-3,8.079999924,
,,,55.239997804E-3,8.079999924,
,,,55.279999971E-3,8.119999886,
,,,55.319998413E-3,8.139999390,
,,,55.360000581E-3,8.119999886,
,,,55.399999022E-3,8.079999924,
,,,55.439997464E-3,8.079999924,
,,,55.479999632E-3,8.079999924,
,,,55.519998074E-3,8.079999924,
,,,55.560000241E-3,8.119999886,
,,,55.599998683E-3,8.099999428,
,,,55.639997125E-3,8.119999886,
,,,55.679999292E-3,8.079999924,
,,,55.719997734E-3,8.099999428,
,,,55.759999901E-3,8.159999847,
,,,55.799998343E-3,8.119999886,
,,,55.840000510E-3,8.099999428,
,,,55.879998952E-3,8.119999886,
,,,55.919997394E-3,8.099999428,
,,,55.959999561E-3,8.099999428,
,,,55.999998003E-3,8.119999886,
,,,56.040000170E-3,8.099999428,
,,,56.079998612E-3,8.099999428,
,,,56.119997054E-3,8.079999924,
,,,56.159999222E-3,8.119999886,
,,,56.199997663E-3,8.099999428,
,,,56.239999831E-3,8.059999466,
,,,56.279998273E-3,8.119999886,
,,,56.320000440E-3,8.119999886,
,,,56.359998882E-3,8.059999466,
,,,56.399997324E-3,8.079999924,
,,,56.439999491E-3,8.079999924,
,,,56.479997933E-3,8.079999924,
,,,56.520000100E-3,8.119999886,
,,,56.559998542E-3,8.099999428,
,,,56.599996984E-3,8.099999428,
,,,56.639999151E-3,8.079999924,
,,,56.679997593E-3,8.079999924,
,,,56.719999760E-3,8.059999466,
,,,56.759998202E-3,8.119999886,
,,,56.800000370E-3,8.099999428,
,,,56.839998811E-3,8.079999924,
,,,56.879997253E-3,8.079999924,
,,,56.919999421E-3,8.099999428,
,,,56.959997863E-3,8.079999924,
,,,57.000000030E-3,8.119999886,
,,,57.039998472E-3,8.099999428,
,,,57.079996914E-3,8.099999428,
,,,57.119999081E-3,8.099999428,
,,,57.159997523E-3,8.079999924,
,,,57.199999690E-3,8.099999428,
,,,57.239998132E-3,8.099999428,
,,,57.280000299E-3,8.139999390,
,,,57.319998741E-3,8.119999886,
,,,57.359997183E-3,8.119999886,
,,,57.399999350E-3,8.079999924,
,,,57.439997792E-3,8.079999924,
,,,57.479999959E-3,8.099999428,
,,,57.519998401E-3,8.099999428,
,,,57.560000569E-3,8.099999428,
,,,57.599999011E-3,8.079999924,
,,,57.639997452E-3,8.099999428,
,,,57.679999620E-3,8.119999886,
,,,57.719998062E-3,8.119999886,
,,,57.760000229E-3,8.099999428,
,,,57.799998671E-3,8.099999428,
,,,57.839997113E-3,8.119999886,
,,,57.879999280E-3,8.059999466,
,,,57.919997722E-3,8.079999924,
,,,57.959999889E-3,8.059999466,
,,,57.999998331E-3,8.159999847,
,,,58.040000498E-3,8.119999886,
,,,58.079998940E-3,8.139999390,
,,,58.119997382E-3,8.119999886,
,,,58.159999549E-3,8.119999886,
,,,58.199997991E-3,8.139999390,
,,,58.240000159E-3,8.139999390,
,,,58.279998600E-3,8.159999847,
,,,58.319997042E-3,8.139999390,
,,,58.359999210E-3,8.139999390,
,,,58.399997652E-3,8.119999886,
,,,58.439999819E-3,8.119999886,
,,,58.479998261E-3,8.139999390,
,,,58.520000428E-3,8.119999886,
,,,58.559998870E-3,8.139999390,
,,,58.599997312E-3,8.139999390,
,,,58.639999479E-3,8.139999390,
,,,58.679997921E-3,8.119999886,
,,,58.720000088E-3,8.139999390,
,,,58.759998530E-3,8.139999390,
,,,58.799996972E-3,8.139999390,
,,,58.839999139E-3,8.159999847,
,,,58.879997581E-3,8.139999390,
,,,58.919999748E-3,8.139999390,
,,,58.959998190E-3,8.159999847,
,,,59.000000358E-3,8.159999847,
,,,59.039998800E-3,8.159999847,
,,,59.079997241E-3,8.139999390,
,,,59.119999409E-3,8.139999390,
,,,59.159997851E-3,8.139999390,
,,,59.200000018E-3,8.119999886,
,,,59.239998460E-3,8.159999847,
,,,59.279996902E-3,8.159999847,
,,,59.319999069E-3,8.159999847,
,,,59.359997511E-3,8.119999886,
,,,59.399999678E-3,8.139999390,
,,,59.439998120E-3,8.119999886,
,,,59.480000287E-3,8.099999428,
,,,59.519998729E-3,8.099999428,
,,,59.559997171E-3,8.119999886,
,,,59.599999338E-3,8.139999390,
,,,59.639997780E-3,8.119999886,
,,,59.679999948E-3,8.119999886,
,,,59.719998389E-3,8.139999390,
,,,59.759996831E-3,8.119999886,
,,,59.799998999E-3,8.119999886,
,,,59.839997441E-3,8.139999390,
,,,59.879999608E-3,8.139999390,
,,,59.919998050E-3,8.099999428,
,,,59.960000217E-3,8.139999390,
,,,59.999998659E-3,8.079999924,
,,,60.039997101E-3,8.099999428,
,,,60.079999268E-3,8.079999924,
,,,60.119997710E-3,8.099999428,
,,,60.159999877E-3,8.079999924,
,,,60.199998319E-3,8.059999466,
,,,60.240000486E-3,8.099999428,
,,,60.279998928E-3,8.119999886,
,,,60.319997370E-3,8.099999428,
,,,60.359999537E-3,8.099999428,
,,,60.399997979E-3,8.119999886,
,,,60.440000147E-3,8.099999428,
,,,60.479998589E-3,8.119999886,
,,,60.519997030E-3,8.119999886,
,,,60.559999198E-3,8.079999924,
,,,60.599997640E-3,8.059999466,
,,,60.639999807E-3,8.099999428,
,,,60.679998249E-3,8.099999428,
,,,60.720000416E-3,8.079999924,
,,,60.759998858E-3,8.079999924,
,,,60.799997300E-3,8.119999886,
,,,60.839999467E-3,8.119999886,
,,,60.879997909E-3,8.119999886,
,,,60.920000076E-3,8.079999924,
,,,60.959998518E-3,8.099999428,
,,,60.999996960E-3,8.099999428,
,,,61.039999127E-3,8.099999428,
,,,61.079997569E-3,8.099999428,
,,,61.119999737E-3,8.099999428,
,,,61.159998178E-3,8.079999924,
,,,61.200000346E-3,8.079999924,
,,,61.239998788E-3,8.119999886,
,,,61.279997230E-3,8.119999886,
,,,61.319999397E-3,8.099999428,
,,,61.359997839E-3,8.079999924,
,,,61.400000006E-3,8.079999924,
,,,61.439998448E-3,8.079999924,
,,,61.479996890E-3,8.099999428,
,,,61.519999057E-3,8.099999428,
,,,61.559997499E-3,8.099999428,
,,,61.599999666E-3,8.099999428,
,,,61.639998108E-3,8.099999428,
,,,61.680000275E-3,8.079999924,
,,,61.719998717E-3,8.079999924,
,,,61.759997159E-3,8.079999924,
,,,61.799999326E-3,8.119999886,
,,,61.839997768E-3,8.099999428,
,,,61.879999936E-3,8.119999886,
,,,61.919998378E-3,8.099999428,
,,,61.959996819E-3,8.099999428,
,,,61.999998987E-3,8.179999352,
,,,62.039997429E-3,8.159999847,
,,,62.079999596E-3,8.119999886,
,,,62.119998038E-3,8.099999428,
,,,62.160000205E-3,8.099999428,
,,,62.199998647E-3,8.099999428,
,,,62.239997089E-3,8.159999847,
,,,62.279999256E-3,8.139999390,
,,,62.319997698E-3,8.159999847,
,,,62.359999865E-3,8.119999886,
,,,62.399998307E-3,8.139999390,
,,,62.439996749E-3,8.159999847,
,,,62.479998916E-3,8.159999847,
,,,62.519997358E-3,8.159999847,
,,,62.559999526E-3,8.179999352,
,,,62.600001693E-3,8.119999886,
,,,62.639996409E-3,8.119999886,
,,,62.679998577E-3,8.139999390,
,,,62.720000744E-3,8.119999886,
,,,62.759995461E-3,8.159999847,
,,,62.799997628E-3,8.139999390,
,,,62.839999795E-3,8.159999847,
,,,62.880001962E-3,8.119999886,
,,,62.919996679E-3,8.139999390,
,,,62.959998846E-3,8.139999390,
,,,63.000001013E-3,8.159999847,
,,,63.039995730E-3,8.159999847,
,,,63.079997897E-3,8.139999390,
,,,63.120000064E-3,8.139999390,
,,,63.160002232E-3,8.119999886,
,,,63.199996948E-3,8.139999390,
,,,63.239999115E-3,8.119999886,
,,,63.280001283E-3,8.159999847,
,,,63.319995999E-3,8.119999886,
,,,63.359998167E-3,8.119999886,
,,,63.400000334E-3,8.139999390,
,,,63.439995050E-3,8.139999390,
,,,63.479997218E-3,8.159999847,
,,,63.519999385E-3,8.159999847,
,,,63.560001552E-3,8.159999847,
,,,63.599996269E-3,8.139999390,
,,,63.639998436E-3,8.119999886,
,,,63.680000603E-3,8.139999390,
,,,63.719995320E-3,8.119999886,
,,,63.759997487E-3,8.119999886,
,,,63.799999654E-3,8.119999886,
,,,63.840001822E-3,8.159999847,
,,,63.879996538E-3,8.139999390,
,,,63.919998705E-3,8.119999886,
,,,63.960000873E-3,8.119999886,
,,,63.999995589E-3,8.119999886,
,,,64.039997756E-3,8.119999886,
,,,64.079999924E-3,8.119999886,
,,,64.120002091E-3,8.099999428,
,,,64.159996808E-3,8.099999428,
,,,64.199998975E-3,8.099999428,
,,,64.240001142E-3,8.119999886,
,,,64.279995859E-3,8.099999428,
,,,64.319998026E-3,8.079999924,
,,,64.360000193E-3,8.099999428,
,,,64.399994910E-3,8.099999428,
,,,64.439997077E-3,8.059999466,
,,,64.479999244E-3,8.099999428,
,,,64.520001411E-3,8.099999428,
,,,64.559996128E-3,8.099999428,
,,,64.599998295E-3,8.099999428,
,,,64.640000463E-3,8.079999924,
,,,64.679995179E-3,8.079999924,
,,,64.719997346E-3,8.079999924,
,,,64.759999514E-3,8.079999924,
,,,64.800001681E-3,8.079999924,
,,,64.839996397E-3,8.099999428,
,,,64.879998565E-3,8.079999924,
,,,64.920000732E-3,8.119999886,
,,,64.959995449E-3,8.119999886,
,,,64.999997616E-3,8.139999390,
,,,65.039999783E-3,8.119999886,
,,,65.080001950E-3,8.099999428,
,,,65.119996667E-3,8.119999886,
,,,65.159998834E-3,8.059999466,
,,,65.200001001E-3,8.059999466,
,,,65.239995718E-3,8.099999428,
,,,65.279997885E-3,8.079999924,
,,,65.320000052E-3,8.119999886,
,,,65.360002220E-3,8.079999924,
,,,65.399996936E-3,8.119999886,
,,,65.439999104E-3,8.079999924,
,,,65.480001271E-3,8.119999886,
,,,65.519995987E-3,8.099999428,
,,,65.559998155E-3,8.099999428,
,,,65.600000322E-3,8.099999428,
,,,65.639995039E-3,8.119999886,
,,,65.679997206E-3,8.079999924,
,,,65.719999373E-3,8.099999428,
,,,65.760001540E-3,8.099999428,
,,,65.799996257E-3,8.119999886,
,,,65.839998424E-3,8.099999428,
,,,65.880000591E-3,8.079999924,
,,,65.919995308E-3,8.099999428,
,,,65.959997475E-3,8.079999924,
,,,65.999999642E-3,8.139999390,
,,,66.040001810E-3,8.159999847,
,,,66.079996526E-3,8.139999390,
,,,66.119998693E-3,8.119999886,
,,,66.160000861E-3,8.119999886,
,,,66.199995577E-3,8.139999390,
,,,66.239997745E-3,8.139999390,
,,,66.279999912E-3,8.139999390,
,,,66.320002079E-3,8.139999390,
,,,66.359996796E-3,8.139999390,
,,,66.399998963E-3,8.119999886,
,,,66.440001130E-3,8.119999886,
,,,66.479995847E-3,8.139999390,
,,,66.519998014E-3,8.159999847,
,,,66.560000181E-3,8.159999847,
,,,66.599994898E-3,8.119999886,
,,,66.639997065E-3,8.119999886,
,,,66.679999232E-3,8.159999847,
,,,66.720001400E-3,8.119999886,
,,,66.759996116E-3,8.159999847,
,,,66.799998283E-3,8.159999847,
,,,66.840000451E-3,8.099999428,
,,,66.879995167E-3,8.139999390,
,,,66.919997334E-3,8.139999390,
,,,66.959999502E-3,8.139999390,
,,,67.000001669E-3,8.139999390,
,,,67.039996386E-3,8.159999847,
,,,67.079998553E-3,8.159999847,
,,,67.120000720E-3,8.119999886,
,,,67.159995437E-3,8.119999886,
,,,67.199997604E-3,8.139999390,
,,,67.239999771E-3,8.159999847,
,,,67.280001938E-3,8.159999847,
,,,67.319996655E-3,8.139999390,
,,,67.359998822E-3,8.119999886,
,,,67.400000989E-3,8.119999886,
,,,67.439995706E-3,8.119999886,
,,,67.479997873E-3,8.119999886,
,,,67.520000041E-3,8.159999847,
,,,67.559994757E-3,8.119999886,
,,,67.599996924E-3,8.159999847,
,,,67.639999092E-3,8.139999390,
,,,67.680001259E-3,8.119999886,
,,,67.719995975E-3,8.139999390,
,,,67.759998143E-3,8.139999390,
,,,67.800000310E-3,8.119999886,
,,,67.839995027E-3,8.139999390,
,,,67.879997194E-3,8.119999886,
,,,67.919999361E-3,8.139999390,
,,,67.960001528E-3,8.119999886,
,,,67.999996245E-3,8.119999886,
,,,68.039998412E-3,8.139999390,
,,,68.080000579E-3,8.119999886,
,,,68.119995296E-3,8.159999847,
,,,68.159997463E-3,8.119999886,
,,,68.199999630E-3,8.139999390,
,,,68.240001798E-3,8.139999390,
,,,68.279996514E-3,8.159999847,
,,,68.319998682E-3,8.139999390,
,,,68.360000849E-3,8.119999886,
,,,68.399995565E-3,8.119999886,
,,,68.439997733E-3,8.119999886,
,,,68.479999900E-3,8.099999428,
,,,68.520002067E-3,8.099999428,
,,,68.559996784E-3,8.159999847,
,,,68.599998951E-3,8.139999390,
,,,68.640001118E-3,8.119999886,
,,,68.679995835E-3,8.119999886,
,,,68.719998002E-3,8.139999390,
,,,68.760000169E-3,8.139999390,
,,,68.799994886E-3,8.119999886,
,,,68.839997053E-3,8.159999847,
,,,68.879999220E-3,8.119999886,
,,,68.920001388E-3,8.119999886,
,,,68.959996104E-3,8.139999390,
,,,68.999998271E-3,8.119999886,
,,,69.040000439E-3,8.119999886,
,,,69.079995155E-3,8.159999847,
,,,69.119997323E-3,8.139999390,
,,,69.159999490E-3,8.119999886,
,,,69.200001657E-3,8.119999886,
,,,69.239996374E-3,8.139999390,
,,,69.279998541E-3,8.159999847,
,,,69.320000708E-3,8.099999428,
,,,69.359995425E-3,8.139999390,
,,,69.399997592E-3,8.119999886,
,,,69.439999759E-3,8.119999886,
,,,69.480001926E-3,8.139999390,
,,,69.519996643E-3,8.139999390,
,,,69.559998810E-3,8.119999886,
,,,69.600000978E-3,8.159999847,
,,,69.639995694E-3,8.119999886,
,,,69.679997861E-3,8.099999428,
,,,69.720000029E-3,8.139999390,
,,,69.759994745E-3,8.179999352,
,,,69.799996912E-3,8.119999886,
,,,69.839999080E-3,8.119999886,
,,,69.880001247E-3,8.119999886,
,,,69.919995964E-3,8.099999428,
,,,69.959998131E-3,8.159999847,
,,,70.000000298E-3,8.139999390,
,,,70.039995015E-3,8.119999886,
,,,70.079997182E-3,8.139999390,
,,,70.119999349E-3,8.139999390,
,,,70.160001516E-3,8.159999847,
,,,70.199996233E-3,8.139999390,
,,,70.239998400E-3,8.139999390,
,,,70.280000567E-3,8.159999847,
,,,70.319995284E-3,8.159999847,
,,,70.359997451E-3,8.119999886,
,,,70.399999619E-3,8.139999390,
,,,70.440001786E-3,8.119999886,
,,,70.479996502E-3,8.139999390,
,,,70.519998670E-3,8.139999390,
,,,70.560000837E-3,8.139999390,
,,,70.599995553E-3,8.159999847,
,,,70.639997721E-3,8.139999390,
,,,70.679999888E-3,8.139999390,
,,,70.720002055E-3,8.159999847,
,,,70.759996772E-3,8.139999390,
,,,70.799998939E-3,8.159999847,
,,,70.840001106E-3,8.159999847,
,,,70.879995823E-3,8.119999886,
,,,70.919997990E-3,8.119999886,
,,,70.960000157E-3,8.159999847,
,,,70.999994874E-3,8.179999352,
,,,71.039997041E-3,8.139999390,
,,,71.079999208E-3,8.119999886,
,,,71.120001376E-3,8.099999428,
,,,71.159996092E-3,8.139999390,
,,,71.199998260E-3,8.159999847,
,,,71.240000427E-3,8.159999847,
,,,71.279995143E-3,8.139999390,
,,,71.319997311E-3,8.159999847,
,,,71.359999478E-3,8.179999352,
,,,71.400001645E-3,8.139999390,
,,,71.439996362E-3,8.119999886,
,,,71.479998529E-3,8.139999390,
,,,71.520000696E-3,8.159999847,
,,,71.559995413E-3,8.159999847,
,,,71.599997580E-3,8.119999886,
,,,71.639999747E-3,8.119999886,
,,,71.680001915E-3,8.139999390,
,,,71.719996631E-3,8.179999352,
,,,71.759998798E-3,8.159999847,
,,,71.800000966E-3,8.139999390,
,,,71.839995682E-3,8.139999390,
,,,71.879997849E-3,8.139999390,
,,,71.920000017E-3,8.119999886,
,,,71.959994733E-3,8.139999390,
,,,71.999996901E-3,8.159999847,
,,,72.039999068E-3,8.139999390,
,,,72.080001235E-3,8.139999390,
,,,72.119995952E-3,8.119999886,
,,,72.159998119E-3,8.119999886,
,,,72.200000286E-3,8.119999886,
,,,72.239995003E-3,8.119999886,
,,,72.279997170E-3,8.159999847,
,,,72.319999337E-3,8.139999390,
,,,72.360001504E-3,8.119999886,
,,,72.399996221E-3,8.119999886,
,,,72.439998388E-3,8.119999886,
,,,72.480000556E-3,8.059999466,
,,,72.519995272E-3,8.139999390,
,,,72.559997439E-3,8.139999390,
,,,72.599999607E-3,8.139999390,
,,,72.640001774E-3,8.119999886,
,,,72.679996490E-3,8.119999886,
,,,72.719998658E-3,8.139999390,
,,,72.760000825E-3,8.119999886,
,,,72.799995542E-3,8.159999847,
,,,72.839997709E-3,8.139999390,
,,,72.879999876E-3,8.119999886,
,,,72.920002043E-3,8.119999886,
,,,72.959996760E-3,8.119999886,
,,,72.999998927E-3,8.119999886,
,,,73.040001094E-3,8.099999428,
,,,73.079995811E-3,8.159999847,
,,,73.119997978E-3,8.139999390,
,,,73.160000145E-3,8.119999886,
,,,73.199994862E-3,8.119999886,
,,,73.239997029E-3,8.119999886,
,,,73.279999197E-3,8.119999886,
,,,73.320001364E-3,8.119999886,
,,,73.359996080E-3,8.139999390,
,,,73.399998248E-3,8.119999886,
,,,73.440000415E-3,8.139999390,
,,,73.479995131E-3,8.119999886,
,,,73.519997299E-3,8.119999886,
,,,73.559999466E-3,8.119999886,
,,,73.600001633E-3,8.119999886,
,,,73.639996350E-3,8.119999886,
,,,73.679998517E-3,8.119999886,
,,,73.720000684E-3,8.139999390,
,,,73.759995401E-3,8.159999847,
,,,73.799997568E-3,8.139999390,
,,,73.839999735E-3,8.119999886,
,,,73.880001903E-3,8.139999390,
,,,73.919996619E-3,8.139999390,
,,,73.959998786E-3,8.119999886,
,,,74.000000954E-3,8.159999847,
,,,74.039995670E-3,8.139999390,
,,,74.079997838E-3,8.119999886,
,,,74.120000005E-3,8.159999847,
,,,74.159994721E-3,8.119999886,
,,,74.199996889E-3,8.139999390,
,,,74.239999056E-3,8.119999886,
,,,74.280001223E-3,8.139999390,
,,,74.319995940E-3,8.119999886,
,,,74.359998107E-3,8.159999847,
,,,74.400000274E-3,8.119999886,
,,,74.439994991E-3,8.119999886,
,,,74.479997158E-3,8.119999886,
,,,74.519999325E-3,8.139999390,
,,,74.560001493E-3,8.139999390,
,,,74.599996209E-3,8.119999886,
,,,74.639998376E-3,8.119999886,
,,,74.680000544E-3,8.139999390,
,,,74.719995260E-3,8.159999847,
,,,74.759997427E-3,8.159999847,
,,,74.799999595E-3,8.139999390,
,,,74.840001762E-3,8.139999390,
,,,74.879996479E-3,8.139999390,
,,,74.919998646E-3,8.119999886,
,,,74.960000813E-3,8.119999886,
,,,74.999995530E-3,8.159999847,
,,,75.039997697E-3,8.159999847,
,,,75.079999864E-3,8.139999390,
,,,75.119994581E-3,8.119999886,
,,,75.159996748E-3,8.099999428,
,,,75.199998915E-3,8.119999886,
,,,75.240001082E-3,8.119999886,
,,,75.279995799E-3,8.159999847,
,,,75.319997966E-3,8.139999390,
,,,75.360000134E-3,8.139999390,
,,,75.399994850E-3,8.139999390,
,,,75.439997017E-3,8.139999390,
,,,75.479999185E-3,8.159999847,
,,,75.520001352E-3,8.139999390,
,,,75.559996068E-3,8.119999886,
,,,75.599998236E-3,8.119999886,
,,,75.640000403E-3,8.119999886,
,,,75.679995120E-3,8.119999886,
,,,75.719997287E-3,8.159999847,
,,,75.759999454E-3,8.179999352,
,,,75.800001621E-3,8.139999390,
,,,75.839996338E-3,8.159999847,
,,,75.879998505E-3,8.119999886,
,,,75.920000672E-3,8.119999886,
,,,75.959995389E-3,8.139999390,
,,,75.999997556E-3,8.139999390,
,,,76.039999723E-3,8.119999886,
,,,76.080001891E-3,8.139999390,
,,,76.119996607E-3,8.119999886,
,,,76.159998775E-3,8.119999886,
,,,76.200000942E-3,8.119999886,
,,,76.239995658E-3,8.119999886,
,,,76.279997826E-3,8.159999847,
,,,76.319999993E-3,8.119999886,
,,,76.359994709E-3,8.119999886,
,,,76.399996877E-3,8.139999390,
,,,76.439999044E-3,8.119999886,
,,,76.480001211E-3,8.139999390,
,,,76.519995928E-3,8.159999847,
,,,76.559998095E-3,8.139999390,
,,,76.600000262E-3,8.119999886,
,,,76.639994979E-3,8.119999886,
,,,76.679997146E-3,8.119999886,
,,,76.719999313E-3,8.139999390,
,,,76.760001481E-3,8.139999390,
,,,76.799996197E-3,8.139999390,
,,,76.839998364E-3,8.099999428,
,,,76.880000532E-3,8.079999924,
,,,76.919995248E-3,8.119999886,
,,,76.959997416E-3,8.159999847,
,,,76.999999583E-3,8.159999847,
,,,77.040001750E-3,8.119999886,
,,,77.079996467E-3,8.139999390,
,,,77.119998634E-3,8.079999924,
,,,77.160000801E-3,8.119999886,
,,,77.199995518E-3,8.139999390,
,,,77.239997685E-3,8.159999847,
,,,77.279999852E-3,8.119999886,
,,,77.319994569E-3,8.139999390,
,,,77.359996736E-3,8.119999886,
,,,77.399998903E-3,8.119999886,
,,,77.440001070E-3,8.139999390,
,,,77.479995787E-3,8.139999390,
,,,77.519997954E-3,8.139999390,
,,,77.560000122E-3,8.139999390,
,,,77.599994838E-3,8.119999886,
,,,77.639997005E-3,8.099999428,
,,,77.679999173E-3,8.119999886,
,,,77.720001340E-3,8.119999886,
,,,77.759996057E-3,8.159999847,
,,,77.799998224E-3,8.119999886,
,,,77.840000391E-3,8.119999886,
,,,77.879995108E-3,8.119999886,
,,,77.919997275E-3,8.139999390,
,,,77.959999442E-3,8.159999847,
,,,78.000001609E-3,8.119999886,
,,,78.039996326E-3,8.099999428,
,,,78.079998493E-3,8.079999924,
,,,78.120000660E-3,8.079999924,
,,,78.159995377E-3,8.079999924,
,,,78.199997544E-3,8.119999886,
,,,78.239999712E-3,8.099999428,
,,,78.280001879E-3,8.099999428,
,,,78.319996595E-3,8.059999466,
,,,78.359998763E-3,8.079999924,
,,,78.400000930E-3,8.119999886,
,,,78.439995646E-3,8.059999466,
,,,78.479997814E-3,8.119999886,
,,,78.519999981E-3,8.079999924,
,,,78.559994698E-3,8.079999924,
,,,78.599996865E-3,8.119999886,
,,,78.639999032E-3,8.099999428,
,,,78.680001199E-3,8.099999428,
,,,78.719995916E-3,8.099999428,
,,,78.759998083E-3,8.119999886,
,,,78.800000250E-3,8.099999428,
,,,78.839994967E-3,8.119999886,
,,,78.879997134E-3,8.079999924,
,,,78.919999301E-3,8.099999428,
,,,78.960001469E-3,8.119999886,
,,,78.999996185E-3,8.119999886,
,,,79.039998353E-3,8.099999428,
,,,79.080000520E-3,8.079999924,
,,,79.119995236E-3,8.099999428,
,,,79.159997404E-3,8.099999428,
,,,79.199999571E-3,8.099999428,
,,,79.240001738E-3,8.119999886,
,,,79.279996455E-3,8.099999428,
,,,79.319998622E-3,8.099999428,
,,,79.360000789E-3,8.119999886,
,,,79.399995506E-3,8.099999428,
,,,79.439997673E-3,8.099999428,
,,,79.479999840E-3,8.119999886,
,,,79.519994557E-3,8.139999390,
,,,79.559996724E-3,8.139999390,
,,,79.599998891E-3,8.099999428,
,,,79.640001059E-3,8.099999428,
,,,79.679995775E-3,8.099999428,
,,,79.719997942E-3,8.119999886,
,,,79.760000110E-3,8.099999428,
,,,79.799994826E-3,8.119999886,
,,,79.839996994E-3,8.079999924,
,,,79.879999161E-3,8.099999428,
,,,79.920001328E-3,8.079999924,
,,,79.959996045E-3,8.119999886,
,,,79.999998212E-3,8.159999847,
,,,80.040000379E-3,8.179999352,
,,,80.079995096E-3,8.159999847,
,,,80.119997263E-3,8.159999847,
,,,80.159999430E-3,8.119999886,
,,,80.200001597E-3,8.159999847,
,,,80.239996314E-3,8.159999847,
,,,80.279998481E-3,8.179999352,
,,,80.320000648E-3,8.159999847,
,,,80.359995365E-3,8.179999352,
,,,80.399997532E-3,8.179999352,
,,,80.439999700E-3,8.159999847,
,,,80.479994416E-3,8.159999847,
,,,80.519996583E-3,8.179999352,
,,,80.559998751E-3,8.159999847,
,,,80.600000918E-3,8.159999847,
,,,80.639995635E-3,8.159999847,
,,,80.679997802E-3,8.159999847,
,,,80.719999969E-3,8.159999847,
,,,80.759994686E-3,8.179999352,
,,,80.799996853E-3,8.159999847,
,,,80.839999020E-3,8.159999847,
,,,80.880001187E-3,8.159999847,
,,,80.919995904E-3,8.159999847,
,,,80.959998071E-3,8.159999847,
,,,81.000000238E-3,8.159999847,
,,,81.039994955E-3,8.179999352,
,,,81.079997122E-3,8.179999352,
,,,81.119999290E-3,8.139999390,
,,,81.160001457E-3,8.159999847,
,,,81.199996173E-3,8.159999847,
,,,81.239998341E-3,8.179999352,
,,,81.280000508E-3,8.159999847,
,,,81.319995224E-3,8.159999847,
,,,81.359997392E-3,8.159999847,
,,,81.399999559E-3,8.159999847,
,,,81.440001726E-3,8.159999847,
,,,81.479996443E-3,8.159999847,
,,,81.519998610E-3,8.179999352,
,,,81.560000777E-3,8.179999352,
,,,81.599995494E-3,8.179999352,
,,,81.639997661E-3,8.199999809,
,,,81.679999828E-3,8.119999886,
,,,81.719994545E-3,8.159999847,
,,,81.759996712E-3,8.159999847,
,,,81.799998879E-3,8.159999847,
,,,81.840001047E-3,8.159999847,
,,,81.879995763E-3,8.159999847,
,,,81.919997931E-3,8.159999847,
,,,81.960000098E-3,8.179999352,
,,,81.999994814E-3,8.159999847,
,,,82.039996982E-3,8.159999847,
,,,82.079999149E-3,8.119999886,
,,,82.120001316E-3,8.139999390,
,,,82.159996033E-3,8.119999886,
,,,82.199998200E-3,8.159999847,
,,,82.240000367E-3,8.159999847,
,,,82.279995084E-3,8.159999847,
,,,82.319997251E-3,8.139999390,
,,,82.359999418E-3,8.119999886,
,,,82.400001585E-3,8.139999390,
,,,82.439996302E-3,8.139999390,
,,,82.479998469E-3,8.159999847,
,,,82.520000637E-3,8.139999390,
,,,82.559995353E-3,8.139999390,
,,,82.599997520E-3,8.159999847,
,,,82.639999688E-3,8.159999847,
,,,82.679994404E-3,8.159999847,
,,,82.719996572E-3,8.159999847,
,,,82.759998739E-3,8.139999390,
,,,82.800000906E-3,8.139999390,
,,,82.839995623E-3,8.159999847,
,,,82.879997790E-3,8.139999390,
,,,82.919999957E-3,8.119999886,
,,,82.959994674E-3,8.119999886,
,,,82.999996841E-3,8.139999390,
,,,83.039999008E-3,8.119999886,
,,,83.080001175E-3,8.159999847,
,,,83.119995892E-3,8.119999886,
,,,83.159998059E-3,8.119999886,
