Record Length,2500,Points,-23.59999903E-3,5.03999996,
Sample Interval,39.99999899E-6,s,-23.55999872E-3,5.03999996,
Trigger Point,589.999990541,Samples,-23.51999842E-3,5.07999992,
,,,-23.47999811E-3,5.03999996,
,,,-23.43999967E-3,5.03999996,
,,,-23.39999937E-3,5.03999996,
Source,CH1,,-23.35999906E-3,5.03999996,
Vertical Units,Volts,,-23.31999876E-3,5.07999992,
Vertical Scale,999.999977648E-3,,-23.27999845E-3,5.03999996,
Vertical Offset,0,,-23.23999815E-3,5.07999992,
Horizontal Units,s,,-23.19999970E-3,5.07999992,
Horizontal Scale,9.999999747E-3,,-23.15999940E-3,5.03999996,
Pt Fmt,Y,,-23.11999910E-3,5.03999996,
Yzero,-6.84000000,,-23.07999879E-3,5.03999996,
Probe Atten,10.0000000,,-23.03999849E-3,5.03999996,
,,,-22.99999818E-3,5.03999996,
Note,TDS 2022B - 1:48:01 PM   6/2/2022,,-22.95999974E-3,5.03999996,
,,,-22.91999944E-3,5.03999996,
,,,-22.87999913E-3,5.03999996,
,,,-22.83999883E-3,5.00000000,
,,,-22.79999852E-3,5.03999996,
,,,-22.75999822E-3,5.07999992,
,,,-22.71999978E-3,5.07999992,
,,,-22.67999947E-3,5.07999992,
,,,-22.63999917E-3,5.03999996,
,,,-22.59999886E-3,5.00000000,
,,,-22.55999856E-3,5.03999996,
,,,-22.51999825E-3,5.03999996,
,,,-22.47999981E-3,5.03999996,
,,,-22.43999951E-3,5.03999996,
,,,-22.39999920E-3,5.03999996,
,,,-22.35999890E-3,5.03999996,
,,,-22.31999859E-3,5.03999996,
,,,-22.27999829E-3,5.03999996,
,,,-22.23999985E-3,5.00000000,
,,,-22.19999954E-3,5.03999996,
,,,-22.15999924E-3,5.03999996,
,,,-22.11999893E-3,5.03999996,
,,,-22.07999863E-3,5.03999996,
,,,-22.03999832E-3,5.03999996,
,,,-21.99999988E-3,5.07999992,
,,,-21.95999958E-3,5.03999996,
,,,-21.91999927E-3,5.07999992,
,,,-21.87999897E-3,5.07999992,
,,,-21.83999866E-3,5.03999996,
,,,-21.79999836E-3,5.03999996,
,,,-21.75999992E-3,5.07999992,
,,,-21.71999961E-3,5.07999992,
,,,-21.67999931E-3,5.07999992,
,,,-21.63999900E-3,5.03999996,
,,,-21.59999870E-3,5.03999996,
,,,-21.55999839E-3,5.07999992,
,,,-21.51999995E-3,5.03999996,
,,,-21.47999965E-3,5.03999996,
,,,-21.43999934E-3,5.03999996,
,,,-21.39999904E-3,5.07999992,
,,,-21.35999873E-3,5.07999992,
,,,-21.31999843E-3,5.03999996,
,,,-21.27999999E-3,5.07999992,
,,,-21.23999968E-3,5.11999989,
,,,-21.19999938E-3,5.03999996,
,,,-21.15999907E-3,5.03999996,
,,,-21.11999877E-3,5.03999996,
,,,-21.07999846E-3,5.07999992,
,,,-21.04000002E-3,5.07999992,
,,,-20.99999972E-3,5.03999996,
,,,-20.95999941E-3,5.03999996,
,,,-20.91999911E-3,5.03999996,
,,,-20.87999880E-3,5.07999992,
,,,-20.83999850E-3,5.03999996,
,,,-20.79999819E-3,5.11999989,
,,,-20.75999975E-3,5.07999992,
,,,-20.71999945E-3,5.07999992,
,,,-20.67999914E-3,5.03999996,
,,,-20.63999884E-3,5.07999992,
,,,-20.59999853E-3,5.07999992,
,,,-20.55999823E-3,5.03999996,
,,,-20.51999979E-3,5.03999996,
,,,-20.47999948E-3,5.03999996,
,,,-20.43999918E-3,5.03999996,
,,,-20.39999887E-3,5.03999996,
,,,-20.35999857E-3,5.03999996,
,,,-20.31999826E-3,5.03999996,
,,,-20.27999982E-3,5.07999992,
,,,-20.23999952E-3,5.11999989,
,,,-20.19999921E-3,5.07999992,
,,,-20.15999891E-3,5.07999992,
,,,-20.11999860E-3,5.07999992,
,,,-20.0799983E-3,5.03999996,
,,,-20.0399999E-3,5.03999996,
,,,-19.9999996E-3,5.07999992,
,,,-19.9599992E-3,5.03999996,
,,,-19.9199989E-3,5.03999996,
,,,-19.8799986E-3,5.07999992,
,,,-19.8399983E-3,5.03999996,
,,,-19.7999999E-3,5.03999996,
,,,-19.7599996E-3,5.07999992,
,,,-19.7199993E-3,5.07999992,
,,,-19.6799990E-3,5.07999992,
,,,-19.6399987E-3,5.07999992,
,,,-19.5999984E-3,5.03999996,
,,,-19.5599999E-3,5.03999996,
,,,-19.5199996E-3,5.07999992,
,,,-19.4799993E-3,5.03999996,
,,,-19.4399990E-3,5.03999996,
,,,-19.3999987E-3,5.03999996,
,,,-19.3599984E-3,5.03999996,
,,,-19.3200000E-3,5.03999996,
,,,-19.2799997E-3,5.07999992,
,,,-19.2399994E-3,5.07999992,
,,,-19.1999990E-3,5.03999996,
,,,-19.1599987E-3,5.00000000,
,,,-19.1199984E-3,5.07999992,
,,,-19.0800000E-3,5.03999996,
,,,-19.0399997E-3,5.03999996,
,,,-18.9999994E-3,5.03999996,
,,,-18.9599991E-3,5.03999996,
,,,-18.9199988E-3,5.03999996,
,,,-18.8799985E-3,5.03999996,
,,,-18.8400000E-3,5.03999996,
,,,-18.7999997E-3,5.03999996,
,,,-18.7599994E-3,5.03999996,
,,,-18.7199991E-3,5.07999992,
,,,-18.6799988E-3,5.07999992,
,,,-18.6399985E-3,5.03999996,
,,,-18.6000001E-3,5.03999996,
,,,-18.5599998E-3,5.03999996,
,,,-18.5199995E-3,5.07999992,
,,,-18.4799992E-3,5.03999996,
,,,-18.4399989E-3,5.07999992,
,,,-18.3999985E-3,5.03999996,
,,,-18.3599982E-3,5.03999996,
,,,-18.3199998E-3,5.07999992,
,,,-18.2799995E-3,5.03999996,
,,,-18.2399992E-3,5.03999996,
,,,-18.1999989E-3,5.07999992,
,,,-18.1599986E-3,5.07999992,
,,,-18.1199983E-3,5.07999992,
,,,-18.0799998E-3,5.03999996,
,,,-18.0399995E-3,5.03999996,
,,,-17.9999992E-3,5.07999992,
,,,-17.9599989E-3,5.11999989,
,,,-17.9199986E-3,5.07999992,
,,,-17.8799983E-3,5.03999996,
,,,-17.8399999E-3,5.03999996,
,,,-17.7999996E-3,5.03999996,
,,,-17.7599993E-3,5.03999996,
,,,-17.7199990E-3,5.07999992,
,,,-17.6799987E-3,5.07999992,
,,,-17.6399983E-3,5.03999996,
,,,-17.5999999E-3,5.03999996,
,,,-17.5599996E-3,5.07999992,
,,,-17.5199993E-3,5.07999992,
,,,-17.4799990E-3,5.03999996,
,,,-17.4399987E-3,5.03999996,
,,,-17.3999984E-3,5.07999992,
,,,-17.3599999E-3,5.07999992,
,,,-17.3199996E-3,5.03999996,
,,,-17.2799993E-3,5.07999992,
,,,-17.2399990E-3,5.07999992,
,,,-17.1999987E-3,5.07999992,
,,,-17.1599984E-3,5.07999992,
,,,-17.1200000E-3,5.03999996,
,,,-17.0799997E-3,5.07999992,
,,,-17.0399994E-3,5.07999992,
,,,-16.9999991E-3,5.03999996,
,,,-16.9599988E-3,5.03999996,
,,,-16.9199985E-3,5.07999992,
,,,-16.8800000E-3,5.03999996,
,,,-16.8399997E-3,5.03999996,
,,,-16.7999994E-3,5.07999992,
,,,-16.7599991E-3,5.07999992,
,,,-16.7199988E-3,5.07999992,
,,,-16.6799985E-3,5.07999992,
,,,-16.6400000E-3,5.07999992,
,,,-16.5999997E-3,5.07999992,
,,,-16.5599994E-3,5.07999992,
,,,-16.5199991E-3,5.07999992,
,,,-16.4799988E-3,5.07999992,
,,,-16.4399985E-3,5.03999996,
,,,-16.4000001E-3,5.03999996,
,,,-16.3599998E-3,5.07999992,
,,,-16.3199995E-3,5.03999996,
,,,-16.2799992E-3,5.03999996,
,,,-16.2399989E-3,5.11999989,
,,,-16.1999986E-3,5.07999992,
,,,-16.1600001E-3,5.11999989,
,,,-16.1199998E-3,5.03999996,
,,,-16.0799995E-3,5.03999996,
,,,-16.0399992E-3,5.03999996,
,,,-15.9999989E-3,5.03999996,
,,,-15.9599986E-3,5.07999992,
,,,-15.9199983E-3,5.03999996,
,,,-15.8799998E-3,5.03999996,
,,,-15.8399995E-3,5.03999996,
,,,-15.7999992E-3,5.07999992,
,,,-15.7599989E-3,5.03999996,
,,,-15.7199986E-3,5.07999992,
,,,-15.6799983E-3,5.03999996,
,,,-15.6399999E-3,5.03999996,
,,,-15.5999996E-3,5.03999996,
,,,-15.5599993E-3,5.03999996,
,,,-15.5199990E-3,5.07999992,
,,,-15.4799996E-3,5.07999992,
,,,-15.4399993E-3,5.07999992,
,,,-15.3999990E-3,5.07999992,
,,,-15.3599996E-3,5.03999996,
,,,-15.3199993E-3,5.07999992,
,,,-15.2799990E-3,5.03999996,
,,,-15.2399996E-3,5.03999996,
,,,-15.1999993E-3,5.03999996,
,,,-15.1599990E-3,5.03999996,
,,,-15.1199996E-3,5.03999996,
,,,-15.0799993E-3,5.07999992,
,,,-15.0399990E-3,5.07999992,
,,,-14.9999997E-3,5.07999992,
,,,-14.9599994E-3,5.07999992,
,,,-14.9199991E-3,5.03999996,
,,,-14.8799997E-3,5.03999996,
,,,-14.8399994E-3,5.03999996,
,,,-14.7999991E-3,5.03999996,
,,,-14.7599997E-3,5.03999996,
,,,-14.7199994E-3,5.03999996,
,,,-14.6799991E-3,5.03999996,
,,,-14.6399997E-3,5.07999992,
,,,-14.5999994E-3,5.03999996,
,,,-14.5599991E-3,5.03999996,
,,,-14.5199988E-3,5.03999996,
,,,-14.4799994E-3,5.07999992,
,,,-14.4399991E-3,5.03999996,
,,,-14.3999988E-3,5.03999996,
,,,-14.3599994E-3,5.03999996,
,,,-14.3199991E-3,5.03999996,
,,,-14.2799988E-3,5.03999996,
,,,-14.2399995E-3,5.03999996,
,,,-14.1999992E-3,5.07999992,
,,,-14.1599989E-3,5.03999996,
,,,-14.1199995E-3,5.07999992,
,,,-14.0799992E-3,5.03999996,
,,,-14.0399989E-3,5.03999996,
,,,-13.9999995E-3,5.07999992,
,,,-13.9599992E-3,5.07999992,
,,,-13.9199989E-3,5.07999992,
,,,-13.8799995E-3,5.03999996,
,,,-13.8399992E-3,5.03999996,
,,,-13.7999989E-3,5.07999992,
,,,-13.7599995E-3,5.03999996,
,,,-13.7199992E-3,5.07999992,
,,,-13.6799989E-3,5.03999996,
,,,-13.6399996E-3,5.07999992,
,,,-13.5999992E-3,5.07999992,
,,,-13.5599989E-3,5.07999992,
,,,-13.5199996E-3,5.03999996,
,,,-13.4799993E-3,5.07999992,
,,,-13.4399990E-3,5.07999992,
,,,-13.3999996E-3,5.11999989,
,,,-13.3599993E-3,5.03999996,
,,,-13.3199990E-3,5.03999996,
,,,-13.2799996E-3,5.03999996,
,,,-13.2399993E-3,5.07999992,
,,,-13.1999990E-3,5.07999992,
,,,-13.1599996E-3,5.07999992,
,,,-13.1199993E-3,5.03999996,
,,,-13.0799990E-3,5.07999992,
,,,-13.0399996E-3,5.07999992,
,,,-12.9999993E-3,5.07999992,
,,,-12.9599990E-3,5.03999996,
,,,-12.9199997E-3,5.03999996,
,,,-12.8799994E-3,5.07999992,
,,,-12.8399990E-3,5.03999996,
,,,-12.7999997E-3,5.03999996,
,,,-12.7599994E-3,5.03999996,
,,,-12.7199991E-3,5.07999992,
,,,-12.6799997E-3,5.03999996,
,,,-12.6399994E-3,5.03999996,
,,,-12.5999991E-3,5.03999996,
,,,-12.5599997E-3,5.03999996,
,,,-12.5199994E-3,5.07999992,
,,,-12.4799991E-3,5.03999996,
,,,-12.4399997E-3,5.07999992,
,,,-12.3999994E-3,5.07999992,
,,,-12.3599991E-3,5.03999996,
,,,-12.3199997E-3,5.03999996,
,,,-12.2799994E-3,5.07999992,
,,,-12.2399991E-3,5.03999996,
,,,-12.1999998E-3,5.03999996,
,,,-12.1599995E-3,5.03999996,
,,,-12.1199992E-3,5.03999996,
,,,-12.0799989E-3,5.03999996,
,,,-12.0399995E-3,5.07999992,
,,,-11.9999992E-3,5.07999992,
,,,-11.9599989E-3,5.11999989,
,,,-11.9199995E-3,5.11999989,
,,,-11.8799992E-3,5.07999992,
,,,-11.8399989E-3,5.03999996,
,,,-11.7999995E-3,5.11999989,
,,,-11.7599992E-3,5.07999992,
,,,-11.7199989E-3,5.07999992,
,,,-11.6799995E-3,5.11999989,
,,,-11.6399992E-3,5.07999992,
,,,-11.5999989E-3,5.07999992,
,,,-11.5599995E-3,5.07999992,
,,,-11.5199992E-3,5.07999992,
,,,-11.4799989E-3,5.07999992,
,,,-11.4399996E-3,5.11999989,
,,,-11.3999993E-3,5.07999992,
,,,-11.3599990E-3,5.11999989,
,,,-11.3199996E-3,5.07999992,
,,,-11.2799993E-3,5.11999989,
,,,-11.2399990E-3,5.11999989,
,,,-11.1999996E-3,5.07999992,
,,,-11.1599993E-3,5.07999992,
,,,-11.1199990E-3,5.07999992,
,,,-11.0799996E-3,5.07999992,
,,,-11.0399993E-3,5.07999992,
,,,-10.9999990E-3,5.07999992,
,,,-10.9599996E-3,5.11999989,
,,,-10.9199993E-3,5.07999992,
,,,-10.8799990E-3,5.07999992,
,,,-10.8399997E-3,5.07999992,
,,,-10.7999993E-3,5.11999989,
,,,-10.7599990E-3,5.07999992,
,,,-10.7199997E-3,5.07999992,
,,,-10.6799994E-3,5.03999996,
,,,-10.6399991E-3,5.03999996,
,,,-10.5999997E-3,5.07999992,
,,,-10.5599994E-3,5.11999989,
,,,-10.5199991E-3,5.03999996,
,,,-10.4799997E-3,5.07999992,
,,,-10.4399994E-3,5.07999992,
,,,-10.3999991E-3,5.11999989,
,,,-10.3599997E-3,5.07999992,
,,,-10.3199994E-3,5.07999992,
,,,-10.2799991E-3,5.07999992,
,,,-10.2399997E-3,5.11999989,
,,,-10.1999994E-3,5.07999992,
,,,-10.1599991E-3,5.07999992,
,,,-10.1199998E-3,5.07999992,
,,,-10.0799995E-3,5.11999989,
,,,-10.0399991E-3,5.11999989,
,,,-9.999999776E-3,5.23999977,
,,,-9.959999472E-3,5.19999981,
,,,-9.919999167E-3,5.15999985,
,,,-9.879999794E-3,5.15999985,
,,,-9.839999489E-3,5.23999977,
,,,-9.799999185E-3,5.19999981,
,,,-9.759999812E-3,5.19999981,
,,,-9.719999507E-3,5.19999981,
,,,-9.679999202E-3,5.19999981,
,,,-9.639999829E-3,5.19999981,
,,,-9.599999525E-3,5.15999985,
,,,-9.559999220E-3,5.19999981,
,,,-9.519999847E-3,5.19999981,
,,,-9.479999542E-3,5.15999985,
,,,-9.439999238E-3,5.19999981,
,,,-9.399998933E-3,5.23999977,
,,,-9.359999560E-3,5.23999977,
,,,-9.319999255E-3,5.23999977,
,,,-9.279998951E-3,5.19999981,
,,,-9.239999577E-3,5.19999981,
,,,-9.199999273E-3,5.19999981,
,,,-9.159998968E-3,5.19999981,
,,,-9.119999595E-3,5.15999985,
,,,-9.079999290E-3,5.19999981,
,,,-9.039998986E-3,5.19999981,
,,,-8.999999613E-3,5.19999981,
,,,-8.959999308E-3,5.15999985,
,,,-8.919999003E-3,5.15999985,
,,,-8.879999630E-3,5.15999985,
,,,-8.839999326E-3,5.15999985,
,,,-8.799999021E-3,5.15999985,
,,,-8.759999648E-3,5.15999985,
,,,-8.719999343E-3,5.19999981,
,,,-8.679999039E-3,5.23999977,
,,,-8.639999665E-3,5.19999981,
,,,-8.599999361E-3,5.19999981,
,,,-8.559999056E-3,5.15999985,
,,,-8.519999683E-3,5.23999977,
,,,-8.479999378E-3,5.19999981,
,,,-8.439999074E-3,5.15999985,
,,,-8.399999700E-3,5.19999981,
,,,-8.359999396E-3,5.19999981,
,,,-8.319999091E-3,5.19999981,
,,,-8.279999718E-3,5.19999981,
,,,-8.239999413E-3,5.19999981,
,,,-8.199999109E-3,5.19999981,
,,,-8.159999736E-3,5.19999981,
,,,-8.119999431E-3,5.23999977,
,,,-8.079999126E-3,5.23999977,
,,,-8.039999753E-3,5.19999981,
,,,-7.999999449E-3,5.31999969,
,,,-7.959999144E-3,5.31999969,
,,,-7.919999771E-3,5.31999969,
,,,-7.879999466E-3,5.31999969,
,,,-7.839999162E-3,5.31999969,
,,,-7.799999323E-3,5.31999969,
,,,-7.759999484E-3,5.31999969,
,,,-7.719999645E-3,5.31999969,
,,,-7.679999340E-3,5.31999969,
,,,-7.639999501E-3,5.31999969,
,,,-7.599999197E-3,5.31999969,
,,,-7.559999358E-3,5.31999969,
,,,-7.519999519E-3,5.31999969,
,,,-7.479999214E-3,5.31999969,
,,,-7.439999375E-3,5.31999969,
,,,-7.399999537E-3,5.31999969,
,,,-7.35999923E-3,5.31999969,
,,,-7.31999939E-3,5.31999969,
,,,-7.27999955E-3,5.35999966,
,,,-7.23999925E-3,5.31999969,
,,,-7.19999941E-3,5.31999969,
,,,-7.15999957E-3,5.31999969,
,,,-7.11999927E-3,5.31999969,
,,,-7.07999943E-3,5.31999969,
,,,-7.03999959E-3,5.31999969,
,,,-6.99999928E-3,5.31999969,
,,,-6.95999945E-3,5.27999973,
,,,-6.91999961E-3,5.27999973,
,,,-6.87999930E-3,5.31999969,
,,,-6.83999946E-3,5.31999969,
,,,-6.79999962E-3,5.31999969,
,,,-6.75999932E-3,5.31999969,
,,,-6.71999948E-3,5.31999969,
,,,-6.67999964E-3,5.27999973,
,,,-6.63999934E-3,5.31999969,
,,,-6.59999950E-3,5.27999973,
,,,-6.55999966E-3,5.31999969,
,,,-6.51999936E-3,5.31999969,
,,,-6.47999952E-3,5.31999969,
,,,-6.43999968E-3,5.27999973,
,,,-6.39999937E-3,5.31999969,
,,,-6.35999953E-3,5.31999969,
,,,-6.31999969E-3,5.31999969,
,,,-6.27999939E-3,5.31999969,
,,,-6.23999955E-3,5.31999969,
,,,-6.19999925E-3,5.31999969,
,,,-6.15999941E-3,5.31999969,
,,,-6.11999957E-3,5.31999969,
,,,-6.07999926E-3,5.31999969,
,,,-6.03999943E-3,5.31999969,
,,,-5.99999959E-3,5.48000002,
,,,-5.95999928E-3,5.51999998,
,,,-5.91999944E-3,5.48000002,
,,,-5.87999960E-3,5.48000002,
,,,-5.83999930E-3,5.48000002,
,,,-5.79999946E-3,5.51999998,
,,,-5.75999962E-3,5.51999998,
,,,-5.71999932E-3,5.48000002,
,,,-5.67999948E-3,5.48000002,
,,,-5.63999964E-3,5.48000002,
,,,-5.59999933E-3,5.44000006,
,,,-5.55999950E-3,5.44000006,
,,,-5.51999966E-3,5.51999998,
,,,-5.47999935E-3,5.51999998,
,,,-5.43999951E-3,5.48000002,
,,,-5.39999967E-3,5.48000002,
,,,-5.35999937E-3,5.48000002,
,,,-5.31999953E-3,5.48000002,
,,,-5.27999969E-3,5.51999998,
,,,-5.23999939E-3,5.51999998,
,,,-5.19999955E-3,5.48000002,
,,,-5.15999971E-3,5.48000002,
,,,-5.11999940E-3,5.48000002,
,,,-5.07999957E-3,5.44000006,
,,,-5.03999926E-3,5.48000002,
,,,-4.99999942E-3,5.51999998,
,,,-4.95999958E-3,5.48000002,
,,,-4.91999928E-3,5.48000002,
,,,-4.87999944E-3,5.44000006,
,,,-4.83999960E-3,5.48000002,
,,,-4.79999930E-3,5.48000002,
,,,-4.75999946E-3,5.51999998,
,,,-4.71999962E-3,5.48000002,
,,,-4.67999931E-3,5.51999998,
,,,-4.63999948E-3,5.48000002,
,,,-4.59999964E-3,5.51999998,
,,,-4.55999933E-3,5.51999998,
,,,-4.51999949E-3,5.51999998,
,,,-4.47999965E-3,5.44000006,
,,,-4.43999935E-3,5.51999998,
,,,-4.39999951E-3,5.48000002,
,,,-4.35999967E-3,5.51999998,
,,,-4.31999937E-3,5.48000002,
,,,-4.27999953E-3,5.48000002,
,,,-4.23999969E-3,5.51999998,
,,,-4.19999938E-3,5.48000002,
,,,-4.15999955E-3,5.51999998,
,,,-4.11999971E-3,5.48000002,
,,,-4.07999940E-3,5.48000002,
,,,-4.03999956E-3,5.48000002,
,,,-3.99999972E-3,5.59999990,
,,,-3.95999942E-3,5.59999990,
,,,-3.91999958E-3,5.63999987,
,,,-3.87999951E-3,5.59999990,
,,,-3.83999944E-3,5.59999990,
,,,-3.79999960E-3,5.63999987,
,,,-3.75999953E-3,5.59999990,
,,,-3.71999945E-3,5.59999990,
,,,-3.67999962E-3,5.59999990,
,,,-3.63999954E-3,5.63999987,
,,,-3.59999947E-3,5.59999990,
,,,-3.55999963E-3,5.63999987,
,,,-3.51999956E-3,5.59999990,
,,,-3.47999949E-3,5.59999990,
,,,-3.43999965E-3,5.59999990,
,,,-3.39999958E-3,5.59999990,
,,,-3.35999951E-3,5.59999990,
,,,-3.31999944E-3,5.59999990,
,,,-3.27999960E-3,5.59999990,
,,,-3.23999953E-3,5.59999990,
,,,-3.19999945E-3,5.59999990,
,,,-3.15999961E-3,5.59999990,
,,,-3.11999954E-3,5.59999990,
,,,-3.07999947E-3,5.59999990,
,,,-3.03999963E-3,5.63999987,
,,,-2.99999956E-3,5.59999990,
,,,-2.95999949E-3,5.59999990,
,,,-2.91999965E-3,5.59999990,
,,,-2.87999958E-3,5.59999990,
,,,-2.83999951E-3,5.63999987,
,,,-2.79999943E-3,5.55999994,
,,,-2.75999960E-3,5.59999990,
,,,-2.71999952E-3,5.63999987,
,,,-2.6799995E-3,5.59999990,
,,,-2.6399996E-3,5.59999990,
,,,-2.5999995E-3,5.59999990,
,,,-2.5599995E-3,5.63999987,
,,,-2.5199996E-3,5.59999990,
,,,-2.4799996E-3,5.59999990,
,,,-2.4399995E-3,5.63999987,
,,,-2.3999996E-3,5.59999990,
,,,-2.3599996E-3,5.63999987,
,,,-2.3199995E-3,5.63999987,
,,,-2.2799997E-3,5.59999990,
,,,-2.2399996E-3,5.59999990,
,,,-2.1999995E-3,5.59999990,
,,,-2.1599997E-3,5.63999987,
,,,-2.1199996E-3,5.59999990,
,,,-2.0799995E-3,5.59999990,
,,,-2.0399995E-3,5.63999987,
,,,-1.9999996E-3,5.75999975,
,,,-1.9599996E-3,5.71999979,
,,,-1.9199996E-3,5.75999975,
,,,-1.8799995E-3,5.75999975,
,,,-1.8399996E-3,5.75999975,
,,,-1.7999996E-3,5.71999979,
,,,-1.7599995E-3,5.71999979,
,,,-1.7199996E-3,5.71999979,
,,,-1.6799995E-3,5.71999979,
,,,-1.6399996E-3,5.75999975,
,,,-1.5999996E-3,5.75999975,
,,,-1.5599995E-3,5.75999975,
,,,-1.5199996E-3,5.75999975,
,,,-1.4799996E-3,5.75999975,
,,,-1.4399996E-3,5.75999975,
,,,-1.3999996E-3,5.71999979,
,,,-1.3599996E-3,5.75999975,
,,,-1.3199996E-3,5.75999975,
,,,-1.2799996E-3,5.71999979,
,,,-1.2399995E-3,5.79999971,
,,,-1.1999996E-3,5.75999975,
,,,-1.1599996E-3,5.71999979,
,,,-1.1199996E-3,5.71999979,
,,,-1.0799996E-3,5.71999979,
,,,-1.0399995E-3,5.75999975,
,,,-999.999581836E-6,5.79999971,
,,,-959.999626502E-6,5.75999975,
,,,-919.999612961E-6,5.75999975,
,,,-879.999599420E-6,5.75999975,
,,,-839.999585878E-6,5.71999979,
,,,-799.999572337E-6,5.71999979,
,,,-759.999617003E-6,5.75999975,
,,,-719.999603461E-6,5.75999975,
,,,-679.999589920E-6,5.75999975,
,,,-639.999634586E-6,5.75999975,
,,,-599.999621045E-6,5.75999975,
,,,-559.999607503E-6,5.75999975,
,,,-519.999593962E-6,5.75999975,
,,,-479.999609524E-6,5.75999975,
,,,-439.999625087E-6,5.71999979,
,,,-399.99961155E-6,5.71999979,
,,,-359.99959800E-6,5.75999975,
,,,-319.99961357E-6,5.75999975,
,,,-279.99962913E-6,5.75999975,
,,,-239.99961559E-6,5.71999979,
,,,-199.99961660E-6,5.75999975,
,,,-159.99961761E-6,5.75999975,
,,,-119.9996186E-6,5.75999975,
,,,-79.999619629E-6,5.79999971,
,,,-39.99962064E-6,5.75999975,
,,,378.34979439E-12,5.79999971,
,,,40.00037734E-6,5.79999971,
,,,80.000376329E-6,5.75999975,
,,,120.0003753E-6,5.79999971,
,,,160.00037431E-6,5.83999968,
,,,200.00037330E-6,5.75999975,
,,,240.00037229E-6,5.79999971,
,,,280.00038583E-6,5.75999975,
,,,320.00037027E-6,5.79999971,
,,,360.00035470E-6,5.79999971,
,,,400.00036824E-6,5.79999971,
,,,440.000381786E-6,5.79999971,
,,,480.000366224E-6,5.79999971,
,,,520.000350662E-6,5.79999971,
,,,560.000364203E-6,5.79999971,
,,,600.000377744E-6,5.79999971,
,,,640.000333078E-6,5.79999971,
,,,680.000346620E-6,5.79999971,
,,,720.000360161E-6,5.79999971,
,,,760.000373702E-6,5.79999971,
,,,800.000387244E-6,5.79999971,
,,,840.000342578E-6,5.79999971,
,,,880.000356119E-6,5.79999971,
,,,920.000369661E-6,5.79999971,
,,,960.000324994E-6,5.83999968,
,,,1.0000004E-3,5.79999971,
,,,1.0400004E-3,5.83999968,
,,,1.0800003E-3,5.79999971,
,,,1.1200004E-3,5.79999971,
,,,1.1600003E-3,5.83999968,
,,,1.2000003E-3,5.79999971,
,,,1.2400004E-3,5.79999971,
,,,1.2800003E-3,5.79999971,
,,,1.3200004E-3,5.79999971,
,,,1.3600003E-3,5.79999971,
,,,1.4000003E-3,5.75999975,
,,,1.4400004E-3,5.79999971,
,,,1.4800003E-3,5.83999968,
,,,1.5200004E-3,5.87999964,
,,,1.5600004E-3,5.79999971,
,,,1.6000003E-3,5.79999971,
,,,1.6400004E-3,5.83999968,
,,,1.6800003E-3,5.83999968,
,,,1.7200003E-3,5.83999968,
,,,1.7600004E-3,5.79999971,
,,,1.8000003E-3,5.79999971,
,,,1.8400003E-3,5.75999975,
,,,1.8800003E-3,5.79999971,
,,,1.9200003E-3,5.79999971,
,,,1.9600003E-3,5.83999968,
,,,2.0000003E-3,5.96000004,
,,,2.0400004E-3,5.96000004,
,,,2.0800002E-3,5.92000008,
,,,2.1200003E-3,5.96000004,
,,,2.1600004E-3,5.96000004,
,,,2.2000002E-3,5.96000004,
,,,2.2400003E-3,5.96000004,
,,,2.2800004E-3,5.96000004,
,,,2.3200004E-3,5.92000008,
,,,2.3600003E-3,5.92000008,
,,,2.4000003E-3,5.92000008,
,,,2.4400004E-3,5.96000004,
,,,2.4800003E-3,5.96000004,
,,,2.5200003E-3,5.96000004,
,,,2.5600004E-3,5.92000008,
,,,2.6000002E-3,5.96000004,
,,,2.6400003E-3,5.96000004,
,,,2.6800004E-3,5.96000004,
,,,2.72000022E-3,5.96000004,
,,,2.76000029E-3,5.96000004,
,,,2.80000037E-3,5.92000008,
,,,2.84000020E-3,5.92000008,
,,,2.88000028E-3,5.96000004,
,,,2.92000035E-3,5.92000008,
,,,2.96000019E-3,5.96000004,
,,,3.00000026E-3,5.87999964,
,,,3.04000033E-3,5.92000008,
,,,3.08000040E-3,5.92000008,
,,,3.12000024E-3,5.92000008,
,,,3.16000031E-3,5.96000004,
,,,3.20000038E-3,5.92000008,
,,,3.24000022E-3,5.96000004,
,,,3.28000030E-3,5.96000004,
,,,3.32000037E-3,5.92000008,
,,,3.36000021E-3,5.92000008,
,,,3.40000028E-3,5.92000008,
,,,3.44000035E-3,5.96000004,
,,,3.48000019E-3,5.92000008,
,,,3.52000026E-3,5.96000004,
,,,3.56000033E-3,5.96000004,
,,,3.60000040E-3,5.92000008,
,,,3.64000024E-3,5.96000004,
,,,3.68000031E-3,5.96000004,
,,,3.72000039E-3,5.96000004,
,,,3.76000023E-3,5.96000004,
,,,3.80000030E-3,5.96000004,
,,,3.84000037E-3,5.96000004,
,,,3.88000021E-3,5.96000004,
,,,3.92000005E-3,5.96000004,
,,,3.96000035E-3,5.92000008,
,,,4.00000019E-3,5.96000004,
,,,4.04000049E-3,5.96000004,
,,,4.08000033E-3,5.96000004,
,,,4.12000017E-3,6.00000000,
,,,4.16000048E-3,5.96000004,
,,,4.20000032E-3,6.00000000,
,,,4.24000015E-3,5.96000004,
,,,4.28000046E-3,5.96000004,
,,,4.32000030E-3,5.96000004,
,,,4.36000014E-3,5.96000004,
,,,4.40000044E-3,5.96000004,
,,,4.44000028E-3,5.96000004,
,,,4.48000012E-3,5.96000004,
,,,4.52000042E-3,5.96000004,
,,,4.56000026E-3,5.92000008,
,,,4.60000010E-3,6.00000000,
,,,4.64000041E-3,6.00000000,
,,,4.68000025E-3,5.96000004,
,,,4.72000008E-3,6.03999996,
,,,4.76000039E-3,5.96000004,
,,,4.80000023E-3,5.96000004,
,,,4.84000007E-3,5.92000008,
,,,4.88000037E-3,5.96000004,
,,,4.92000021E-3,5.96000004,
,,,4.96000005E-3,5.96000004,
,,,5.00000035E-3,5.92000008,
,,,5.04000019E-3,5.96000004,
,,,5.08000003E-3,5.96000004,
,,,5.12000034E-3,5.96000004,
,,,5.16000018E-3,5.96000004,
,,,5.20000048E-3,5.96000004,
,,,5.24000032E-3,5.96000004,
,,,5.28000016E-3,5.96000004,
,,,5.32000046E-3,5.96000004,
,,,5.36000030E-3,5.96000004,
,,,5.40000014E-3,5.96000004,
,,,5.44000044E-3,5.96000004,
,,,5.48000028E-3,5.96000004,
,,,5.52000012E-3,5.96000004,
,,,5.56000043E-3,5.96000004,
,,,5.60000027E-3,5.96000004,
,,,5.64000010E-3,5.96000004,
,,,5.68000041E-3,5.96000004,
,,,5.72000025E-3,5.96000004,
,,,5.76000009E-3,5.96000004,
,,,5.80000039E-3,5.96000004,
,,,5.84000023E-3,5.96000004,
,,,5.88000007E-3,5.96000004,
,,,5.92000037E-3,5.96000004,
,,,5.96000021E-3,6.00000000,
,,,6.00000005E-3,6.07999992,
,,,6.04000036E-3,6.07999992,
,,,6.08000020E-3,6.07999992,
,,,6.12000003E-3,6.03999996,
,,,6.16000034E-3,6.07999992,
,,,6.20000018E-3,6.03999996,
,,,6.24000002E-3,6.07999992,
,,,6.28000032E-3,6.07999992,
,,,6.32000016E-3,6.03999996,
,,,6.36000000E-3,6.03999996,
,,,6.40000030E-3,6.07999992,
,,,6.44000014E-3,6.07999992,
,,,6.47999998E-3,6.07999992,
,,,6.52000029E-3,6.07999992,
,,,6.56000013E-3,6.03999996,
,,,6.60000043E-3,6.07999992,
,,,6.64000027E-3,6.07999992,
,,,6.68000011E-3,6.07999992,
,,,6.72000041E-3,6.07999992,
,,,6.76000025E-3,6.07999992,
,,,6.80000009E-3,6.03999996,
,,,6.84000039E-3,6.03999996,
,,,6.88000023E-3,6.07999992,
,,,6.92000007E-3,6.03999996,
,,,6.96000038E-3,6.07999992,
,,,7.00000022E-3,6.03999996,
,,,7.04000005E-3,6.03999996,
,,,7.08000036E-3,6.03999996,
,,,7.12000020E-3,6.03999996,
,,,7.16000004E-3,6.07999992,
,,,7.20000034E-3,6.03999996,
,,,7.24000018E-3,6.03999996,
,,,7.28000002E-3,6.07999992,
,,,7.32000032E-3,6.00000000,
,,,7.36000016E-3,6.07999992,
,,,7.400000002E-3,6.07999992,
,,,7.440000307E-3,6.07999992,
,,,7.480000146E-3,6.07999992,
,,,7.519999985E-3,6.07999992,
,,,7.560000289E-3,6.03999996,
,,,7.600000128E-3,6.03999996,
,,,7.639999967E-3,6.03999996,
,,,7.680000272E-3,6.07999992,
,,,7.720000111E-3,6.07999992,
,,,7.760000415E-3,6.07999992,
,,,7.800000254E-3,6.03999996,
,,,7.840000093E-3,6.07999992,
,,,7.880000398E-3,6.03999996,
,,,7.919999771E-3,6.03999996,
,,,7.960000075E-3,6.03999996,
,,,8.000000380E-3,6.07999992,
,,,8.039999753E-3,6.07999992,
,,,8.080000058E-3,6.07999992,
,,,8.120000362E-3,6.07999992,
,,,8.159999736E-3,6.07999992,
,,,8.200000040E-3,6.07999992,
,,,8.240000345E-3,6.11999989,
,,,8.279999718E-3,6.07999992,
,,,8.320000023E-3,6.07999992,
,,,8.360000327E-3,6.07999992,
,,,8.400000632E-3,6.11999989,
,,,8.440000005E-3,6.07999992,
,,,8.480000310E-3,6.07999992,
,,,8.520000614E-3,6.07999992,
,,,8.559999987E-3,6.07999992,
,,,8.600000292E-3,6.07999992,
,,,8.640000597E-3,6.07999992,
,,,8.679999970E-3,6.11999989,
,,,8.720000274E-3,6.07999992,
,,,8.760000579E-3,6.07999992,
,,,8.799999952E-3,6.07999992,
,,,8.840000257E-3,6.07999992,
,,,8.880000561E-3,6.07999992,
,,,8.919999935E-3,6.11999989,
,,,8.960000239E-3,6.11999989,
,,,9.000000544E-3,6.07999992,
,,,9.039999917E-3,6.07999992,
,,,9.080000222E-3,6.07999992,
,,,9.120000526E-3,6.07999992,
,,,9.159999900E-3,6.11999989,
,,,9.200000204E-3,6.07999992,
,,,9.240000509E-3,6.11999989,
,,,9.279999882E-3,6.07999992,
,,,9.320000187E-3,6.11999989,
,,,9.360000491E-3,6.07999992,
,,,9.399999864E-3,6.07999992,
,,,9.440000169E-3,6.07999992,
,,,9.480000474E-3,6.07999992,
,,,9.519999847E-3,6.03999996,
,,,9.560000151E-3,6.07999992,
,,,9.600000456E-3,6.07999992,
,,,9.639999829E-3,6.11999989,
,,,9.680000134E-3,6.07999992,
,,,9.720000438E-3,6.07999992,
,,,9.759999812E-3,6.07999992,
,,,9.800000116E-3,6.07999992,
,,,9.840000421E-3,6.07999992,
,,,9.879999794E-3,6.11999989,
,,,9.920000099E-3,6.11999989,
,,,9.960000403E-3,6.11999989,
,,,9.999999776E-3,6.11999989,
,,,10.0400001E-3,6.15999985,
,,,10.0800004E-3,6.11999989,
,,,10.1199998E-3,6.11999989,
,,,10.1600001E-3,6.15999985,
,,,10.2000004E-3,6.15999985,
,,,10.2399997E-3,6.11999989,
,,,10.2800000E-3,6.15999985,
,,,10.3200004E-3,6.15999985,
,,,10.3599997E-3,6.19999981,
,,,10.4000000E-3,6.15999985,
,,,10.4400003E-3,6.15999985,
,,,10.4799997E-3,6.15999985,
,,,10.5200000E-3,6.11999989,
,,,10.5600003E-3,6.11999989,
,,,10.5999997E-3,6.15999985,
,,,10.6400000E-3,6.19999981,
,,,10.6800003E-3,6.19999981,
,,,10.7199997E-3,6.19999981,
,,,10.7600000E-3,6.15999985,
,,,10.8000003E-3,6.15999985,
,,,10.8399997E-3,6.11999989,
,,,10.8800000E-3,6.15999985,
,,,10.9200003E-3,6.19999981,
,,,10.9599996E-3,6.15999985,
,,,10.9999999E-3,6.15999985,
,,,11.0400002E-3,6.15999985,
,,,11.0800005E-3,6.15999985,
,,,11.1199999E-3,6.15999985,
,,,11.1600002E-3,6.11999989,
,,,11.2000005E-3,6.15999985,
,,,11.2399999E-3,6.15999985,
,,,11.2800002E-3,6.15999985,
,,,11.3200005E-3,6.15999985,
,,,11.3599999E-3,6.15999985,
,,,11.4000002E-3,6.15999985,
,,,11.4400005E-3,6.15999985,
,,,11.4799999E-3,6.15999985,
,,,11.5200002E-3,6.19999981,
,,,11.5600005E-3,6.15999985,
,,,11.5999999E-3,6.15999985,
,,,11.6400002E-3,6.15999985,
,,,11.6800005E-3,6.15999985,
,,,11.7199998E-3,6.15999985,
,,,11.7600001E-3,6.19999981,
,,,11.8000004E-3,6.15999985,
,,,11.8399998E-3,6.15999985,
,,,11.8800001E-3,6.15999985,
,,,11.9200004E-3,6.15999985,
,,,11.9599998E-3,6.15999985,
,,,12.0000001E-3,6.15999985,
,,,12.0400004E-3,6.11999989,
,,,12.0799998E-3,6.11999989,
,,,12.1200001E-3,6.11999989,
,,,12.1600004E-3,6.11999989,
,,,12.1999998E-3,6.15999985,
,,,12.2400001E-3,6.11999989,
,,,12.2800004E-3,6.19999981,
,,,12.3199997E-3,6.15999985,
,,,12.3600001E-3,6.15999985,
,,,12.4000004E-3,6.15999985,
,,,12.4399997E-3,6.15999985,
,,,12.4800000E-3,6.15999985,
,,,12.5200003E-3,6.15999985,
,,,12.5599997E-3,6.11999989,
,,,12.6000000E-3,6.15999985,
,,,12.6400003E-3,6.15999985,
,,,12.6799997E-3,6.11999989,
,,,12.7200000E-3,6.15999985,
,,,12.7600003E-3,6.15999985,
,,,12.7999997E-3,6.11999989,
,,,12.8400000E-3,6.11999989,
,,,12.8800003E-3,6.11999989,
,,,12.9199997E-3,6.15999985,
,,,12.9600000E-3,6.15999985,
,,,13.0000003E-3,6.15999985,
,,,13.0399996E-3,6.15999985,
,,,13.0799999E-3,6.15999985,
,,,13.1200003E-3,6.15999985,
,,,13.1599996E-3,6.15999985,
,,,13.1999999E-3,6.11999989,
,,,13.2400002E-3,6.07999992,
,,,13.2799996E-3,6.11999989,
,,,13.3199999E-3,6.11999989,
,,,13.3600002E-3,6.15999985,
,,,13.3999996E-3,6.15999985,
,,,13.4399999E-3,6.15999985,
,,,13.4800002E-3,6.11999989,
,,,13.5200005E-3,6.15999985,
,,,13.5599999E-3,6.15999985,
,,,13.6000002E-3,6.15999985,
,,,13.6400005E-3,6.15999985,
,,,13.6799999E-3,6.15999985,
,,,13.7200002E-3,6.19999981,
,,,13.7600005E-3,6.15999985,
,,,13.7999998E-3,6.15999985,
,,,13.8400001E-3,6.19999981,
,,,13.8800004E-3,6.19999981,
,,,13.9199998E-3,6.19999981,
,,,13.9600001E-3,6.15999985,
,,,14.0000004E-3,6.23999977,
,,,14.0399998E-3,6.19999981,
,,,14.0800001E-3,6.19999981,
,,,14.1200004E-3,6.19999981,
,,,14.1599998E-3,6.23999977,
,,,14.2000001E-3,6.23999977,
,,,14.2400004E-3,6.19999981,
,,,14.2799998E-3,6.19999981,
,,,14.3200001E-3,6.19999981,
,,,14.3600004E-3,6.23999977,
,,,14.3999998E-3,6.19999981,
,,,14.4400001E-3,6.23999977,
,,,14.4800004E-3,6.19999981,
,,,14.5199997E-3,6.23999977,
,,,14.5600000E-3,6.23999977,
,,,14.6000003E-3,6.19999981,
,,,14.6399997E-3,6.23999977,
,,,14.6800000E-3,6.23999977,
,,,14.7200003E-3,6.23999977,
,,,14.7599997E-3,6.19999981,
,,,14.8000000E-3,6.19999981,
,,,14.8400003E-3,6.19999981,
,,,14.8799997E-3,6.23999977,
,,,14.9200000E-3,6.23999977,
,,,14.9600003E-3,6.23999977,
,,,14.9999997E-3,6.27999973,
,,,15.0400000E-3,6.19999981,
,,,15.0800003E-3,6.19999981,
,,,15.1199996E-3,6.23999977,
,,,15.1600000E-3,6.27999973,
,,,15.2000003E-3,6.23999977,
,,,15.2399996E-3,6.23999977,
,,,15.2799999E-3,6.19999981,
,,,15.3200002E-3,6.23999977,
,,,15.3599996E-3,6.19999981,
,,,15.3999999E-3,6.23999977,
,,,15.4400002E-3,6.23999977,
,,,15.4799996E-3,6.23999977,
,,,15.5199999E-3,6.19999981,
,,,15.5600002E-3,6.23999977,
,,,15.5999996E-3,6.19999981,
,,,15.6399999E-3,6.19999981,
,,,15.6800002E-3,6.23999977,
,,,15.7200005E-3,6.19999981,
,,,15.7600008E-3,6.19999981,
,,,15.7999992E-3,6.19999981,
,,,15.8399995E-3,6.19999981,
,,,15.8799998E-3,6.19999981,
,,,15.9200002E-3,6.23999977,
,,,15.9600005E-3,6.19999981,
,,,16.0000008E-3,6.27999973,
,,,16.0399992E-3,6.23999977,
,,,16.0799995E-3,6.27999973,
,,,16.1199998E-3,6.23999977,
,,,16.1600001E-3,6.23999977,
,,,16.2000004E-3,6.23999977,
,,,16.2400007E-3,6.23999977,
,,,16.2799992E-3,6.23999977,
,,,16.3199995E-3,6.23999977,
,,,16.3599998E-3,6.19999981,
,,,16.4000001E-3,6.27999973,
,,,16.4400004E-3,6.27999973,
,,,16.4800007E-3,6.23999977,
,,,16.5199991E-3,6.27999973,
,,,16.5599994E-3,6.27999973,
,,,16.5999997E-3,6.23999977,
,,,16.6400000E-3,6.27999973,
,,,16.6800003E-3,6.23999977,
,,,16.7200007E-3,6.23999977,
,,,16.7599991E-3,6.23999977,
,,,16.7999994E-3,6.19999981,
,,,16.8399997E-3,6.23999977,
,,,16.8800000E-3,6.23999977,
,,,16.9200003E-3,6.23999977,
,,,16.9600006E-3,6.23999977,
,,,16.9999991E-3,6.23999977,
,,,17.0399994E-3,6.23999977,
,,,17.0799997E-3,6.23999977,
,,,17.1200000E-3,6.27999973,
,,,17.1600003E-3,6.23999977,
,,,17.2000006E-3,6.27999973,
,,,17.2399990E-3,6.27999973,
,,,17.2799993E-3,6.23999977,
,,,17.3199996E-3,6.23999977,
,,,17.3599999E-3,6.23999977,
,,,17.4000002E-3,6.27999973,
,,,17.4400005E-3,6.27999973,
,,,17.4800009E-3,6.23999977,
,,,17.5199993E-3,6.27999973,
,,,17.5599996E-3,6.27999973,
,,,17.5999999E-3,6.23999977,
,,,17.6400002E-3,6.27999973,
,,,17.6800005E-3,6.27999973,
,,,17.7200008E-3,6.19999981,
,,,17.7599993E-3,6.23999977,
,,,17.7999996E-3,6.23999977,
,,,17.8399999E-3,6.23999977,
,,,17.8800002E-3,6.27999973,
,,,17.9200005E-3,6.23999977,
,,,17.9600008E-3,6.27999973,
,,,17.9999992E-3,6.23999977,
,,,18.0399995E-3,6.27999973,
,,,18.0799998E-3,6.27999973,
,,,18.1200001E-3,6.19999981,
,,,18.1600004E-3,6.27999973,
,,,18.2000007E-3,6.27999973,
,,,18.2399992E-3,6.23999977,
,,,18.2799995E-3,6.23999977,
,,,18.3199998E-3,6.23999977,
,,,18.3600001E-3,6.27999973,
,,,18.4000004E-3,6.27999973,
,,,18.4400007E-3,6.23999977,
,,,18.4799992E-3,6.27999973,
,,,18.5199995E-3,6.23999977,
,,,18.5599998E-3,6.27999973,
,,,18.6000001E-3,6.27999973,
,,,18.6400004E-3,6.23999977,
,,,18.6800007E-3,6.23999977,
,,,18.7199991E-3,6.23999977,
,,,18.7599994E-3,6.27999973,
,,,18.7999997E-3,6.27999973,
,,,18.8400000E-3,6.23999977,
,,,18.8800003E-3,6.23999977,
,,,18.9200006E-3,6.23999977,
,,,18.9599991E-3,6.23999977,
,,,18.9999994E-3,6.23999977,
,,,19.0399997E-3,6.23999977,
,,,19.0800000E-3,6.23999977,
,,,19.1200003E-3,6.23999977,
,,,19.1600006E-3,6.23999977,
,,,19.1999990E-3,6.27999973,
,,,19.2399994E-3,6.27999973,
,,,19.2799997E-3,6.19999981,
,,,19.3200000E-3,6.23999977,
,,,19.3600003E-3,6.23999977,
,,,19.4000006E-3,6.27999973,
,,,19.4399990E-3,6.27999973,
,,,19.4799993E-3,6.23999977,
,,,19.5199996E-3,6.27999973,
,,,19.5599999E-3,6.27999973,
,,,19.6000002E-3,6.27999973,
,,,19.6400005E-3,6.27999973,
,,,19.6799990E-3,6.27999973,
,,,19.7199993E-3,6.23999977,
,,,19.7599996E-3,6.27999973,
,,,19.7999999E-3,6.27999973,
,,,19.8400002E-3,6.23999977,
,,,19.8800005E-3,6.23999977,
,,,19.9199989E-3,6.27999973,
,,,19.9599992E-3,6.27999973,
,,,19.9999996E-3,6.27999973,
,,,20.0399999E-3,6.27999973,
,,,20.0800002E-3,6.27999973,
,,,20.12000047E-3,6.27999973,
,,,20.16000077E-3,6.27999973,
,,,20.19999921E-3,6.31999969,
,,,20.23999952E-3,6.31999969,
,,,20.27999982E-3,6.27999973,
,,,20.32000013E-3,6.31999969,
,,,20.36000043E-3,6.31999969,
,,,20.40000074E-3,6.31999969,
,,,20.43999918E-3,6.31999969,
,,,20.47999948E-3,6.27999973,
,,,20.51999979E-3,6.27999973,
,,,20.56000009E-3,6.27999973,
,,,20.60000040E-3,6.27999973,
,,,20.64000070E-3,6.31999969,
,,,20.67999914E-3,6.35999966,
,,,20.71999945E-3,6.35999966,
,,,20.75999975E-3,6.27999973,
,,,20.80000006E-3,6.31999969,
,,,20.84000036E-3,6.31999969,
,,,20.88000067E-3,6.31999969,
,,,20.91999911E-3,6.31999969,
,,,20.95999941E-3,6.31999969,
,,,20.99999972E-3,6.31999969,
,,,21.04000002E-3,6.27999973,
,,,21.08000033E-3,6.27999973,
,,,21.12000063E-3,6.31999969,
,,,21.15999907E-3,6.31999969,
,,,21.19999938E-3,6.31999969,
,,,21.23999968E-3,6.31999969,
,,,21.27999999E-3,6.31999969,
,,,21.32000029E-3,6.31999969,
,,,21.36000060E-3,6.31999969,
,,,21.39999904E-3,6.35999966,
,,,21.43999934E-3,6.31999969,
,,,21.47999965E-3,6.31999969,
,,,21.51999995E-3,6.31999969,
,,,21.56000026E-3,6.27999973,
,,,21.60000056E-3,6.31999969,
,,,21.63999900E-3,6.31999969,
,,,21.67999931E-3,6.31999969,
,,,21.71999961E-3,6.31999969,
,,,21.75999992E-3,6.27999973,
,,,21.80000022E-3,6.31999969,
,,,21.84000053E-3,6.27999973,
,,,21.87999897E-3,6.31999969,
,,,21.91999927E-3,6.31999969,
,,,21.95999958E-3,6.35999966,
,,,21.99999988E-3,6.27999973,
,,,22.04000019E-3,6.31999969,
,,,22.08000049E-3,6.31999969,
,,,22.11999893E-3,6.31999969,
,,,22.15999924E-3,6.27999973,
,,,22.19999954E-3,6.31999969,
,,,22.23999985E-3,6.31999969,
,,,22.28000015E-3,6.31999969,
,,,22.32000045E-3,6.35999966,
,,,22.35999890E-3,6.35999966,
,,,22.39999920E-3,6.35999966,
,,,22.43999951E-3,6.31999969,
,,,22.47999981E-3,6.27999973,
,,,22.52000012E-3,6.27999973,
,,,22.56000042E-3,6.27999973,
,,,22.60000072E-3,6.31999969,
,,,22.63999917E-3,6.35999966,
,,,22.67999947E-3,6.31999969,
,,,22.71999978E-3,6.27999973,
,,,22.76000008E-3,6.31999969,
,,,22.80000038E-3,6.31999969,
,,,22.84000069E-3,6.35999966,
,,,22.87999913E-3,6.31999969,
,,,22.91999944E-3,6.31999969,
,,,22.95999974E-3,6.31999969,
,,,23.00000004E-3,6.31999969,
,,,23.04000035E-3,6.27999973,
,,,23.08000065E-3,6.31999969,
,,,23.11999910E-3,6.31999969,
,,,23.15999940E-3,6.35999966,
,,,23.19999970E-3,6.27999973,
,,,23.24000001E-3,6.31999969,
,,,23.28000031E-3,6.31999969,
,,,23.32000062E-3,6.35999966,
,,,23.35999906E-3,6.31999969,
,,,23.39999937E-3,6.31999969,
,,,23.43999967E-3,6.31999969,
,,,23.47999997E-3,6.31999969,
,,,23.52000028E-3,6.27999973,
,,,23.56000058E-3,6.31999969,
,,,23.59999903E-3,6.27999973,
,,,23.63999933E-3,6.27999973,
,,,23.67999963E-3,6.35999966,
,,,23.71999994E-3,6.27999973,
,,,23.76000024E-3,6.31999969,
,,,23.80000055E-3,6.31999969,
,,,23.83999899E-3,6.31999969,
,,,23.87999929E-3,6.31999969,
,,,23.91999960E-3,6.31999969,
,,,23.95999990E-3,6.31999969,
,,,24.00000021E-3,6.27999973,
,,,24.04000051E-3,6.27999973,
,,,24.07999896E-3,6.27999973,
,,,24.11999926E-3,6.31999969,
,,,24.15999956E-3,6.31999969,
,,,24.19999987E-3,6.31999969,
,,,24.24000017E-3,6.27999973,
,,,24.28000048E-3,6.31999969,
,,,24.31999892E-3,6.27999973,
,,,24.35999922E-3,6.27999973,
,,,24.39999953E-3,6.31999969,
,,,24.43999983E-3,6.31999969,
,,,24.48000014E-3,6.31999969,
,,,24.52000044E-3,6.27999973,
,,,24.55999888E-3,6.27999973,
,,,24.59999919E-3,6.31999969,
,,,24.63999949E-3,6.27999973,
,,,24.67999980E-3,6.31999969,
,,,24.72000010E-3,6.27999973,
,,,24.76000041E-3,6.27999973,
,,,24.79999885E-3,6.31999969,
,,,24.83999915E-3,6.31999969,
,,,24.87999946E-3,6.31999969,
,,,24.91999976E-3,6.31999969,
,,,24.96000007E-3,6.31999969,
,,,25.00000037E-3,6.27999973,
,,,25.04000068E-3,6.27999973,
,,,25.07999912E-3,6.31999969,
,,,25.11999942E-3,6.31999969,
,,,25.15999973E-3,6.31999969,
,,,25.20000003E-3,6.27999973,
,,,25.24000034E-3,6.31999969,
,,,25.28000064E-3,6.35999966,
,,,25.31999908E-3,6.31999969,
,,,25.35999939E-3,6.27999973,
,,,25.39999969E-3,6.35999966,
,,,25.44000000E-3,6.27999973,
,,,25.48000030E-3,6.31999969,
,,,25.52000061E-3,6.27999973,
,,,25.55999905E-3,6.27999973,
,,,25.59999935E-3,6.31999969,
,,,25.63999966E-3,6.31999969,
,,,25.67999996E-3,6.31999969,
,,,25.72000027E-3,6.27999973,
,,,25.76000057E-3,6.27999973,
,,,25.79999901E-3,6.31999969,
,,,25.83999932E-3,6.31999969,
,,,25.87999962E-3,6.27999973,
,,,25.91999993E-3,6.31999969,
,,,25.96000023E-3,6.31999969,
,,,26.00000054E-3,6.31999969,
,,,26.03999898E-3,6.35999966,
,,,26.07999928E-3,6.39999962,
,,,26.11999959E-3,6.35999966,
,,,26.15999989E-3,6.35999966,
,,,26.20000020E-3,6.31999969,
,,,26.24000050E-3,6.35999966,
,,,26.27999894E-3,6.39999962,
,,,26.31999925E-3,6.31999969,
,,,26.35999955E-3,6.35999966,
,,,26.39999986E-3,6.39999962,
,,,26.44000016E-3,6.31999969,
,,,26.48000047E-3,6.35999966,
,,,26.51999891E-3,6.35999966,
,,,26.55999921E-3,6.35999966,
,,,26.59999952E-3,6.35999966,
,,,26.63999982E-3,6.31999969,
,,,26.68000013E-3,6.35999966,
,,,26.72000043E-3,6.31999969,
,,,26.75999887E-3,6.31999969,
,,,26.79999918E-3,6.31999969,
,,,26.83999948E-3,6.31999969,
,,,26.87999979E-3,6.39999962,
,,,26.92000009E-3,6.35999966,
,,,26.96000040E-3,6.31999969,
,,,26.99999884E-3,6.35999966,
,,,27.03999914E-3,6.39999962,
,,,27.07999945E-3,6.39999962,
,,,27.11999975E-3,6.35999966,
,,,27.16000006E-3,6.39999962,
,,,27.20000036E-3,6.35999966,
,,,27.23999880E-3,6.31999969,
,,,27.27999911E-3,6.35999966,
,,,27.31999941E-3,6.35999966,
,,,27.35999972E-3,6.35999966,
,,,27.40000002E-3,6.35999966,
,,,27.44000033E-3,6.35999966,
,,,27.47999877E-3,6.35999966,
,,,27.51999907E-3,6.35999966,
,,,27.55999938E-3,6.35999966,
,,,27.59999968E-3,6.39999962,
,,,27.63999999E-3,6.35999966,
,,,27.68000029E-3,6.35999966,
,,,27.72000059E-3,6.31999969,
,,,27.75999904E-3,6.31999969,
,,,27.79999934E-3,6.31999969,
,,,27.83999965E-3,6.35999966,
,,,27.87999995E-3,6.35999966,
,,,27.92000026E-3,6.35999966,
,,,27.96000056E-3,6.31999969,
,,,27.99999900E-3,6.31999969,
,,,28.03999931E-3,6.31999969,
,,,28.07999961E-3,6.35999966,
,,,28.11999992E-3,6.35999966,
,,,28.16000022E-3,6.31999969,
,,,28.20000052E-3,6.35999966,
,,,28.23999897E-3,6.31999969,
,,,28.27999927E-3,6.35999966,
,,,28.31999958E-3,6.31999969,
,,,28.35999988E-3,6.35999966,
,,,28.40000018E-3,6.31999969,
,,,28.44000049E-3,6.35999966,
,,,28.47999893E-3,6.31999969,
,,,28.51999924E-3,6.35999966,
,,,28.55999954E-3,6.31999969,
,,,28.59999985E-3,6.27999973,
,,,28.64000015E-3,6.35999966,
,,,28.68000045E-3,6.35999966,
,,,28.71999890E-3,6.31999969,
,,,28.75999920E-3,6.31999969,
,,,28.79999951E-3,6.35999966,
,,,28.83999981E-3,6.35999966,
,,,28.88000011E-3,6.35999966,
,,,28.92000042E-3,6.35999966,
,,,28.95999886E-3,6.35999966,
,,,28.99999917E-3,6.35999966,
,,,29.03999947E-3,6.31999969,
,,,29.07999977E-3,6.31999969,
,,,29.12000008E-3,6.35999966,
,,,29.16000038E-3,6.35999966,
,,,29.19999883E-3,6.31999969,
,,,29.23999913E-3,6.35999966,
,,,29.27999943E-3,6.31999969,
,,,29.31999974E-3,6.35999966,
,,,29.36000004E-3,6.35999966,
,,,29.40000035E-3,6.35999966,
,,,29.43999879E-3,6.31999969,
,,,29.47999910E-3,6.35999966,
,,,29.51999940E-3,6.31999969,
,,,29.55999970E-3,6.31999969,
,,,29.60000001E-3,6.39999962,
,,,29.64000031E-3,6.35999966,
,,,29.67999876E-3,6.35999966,
,,,29.71999906E-3,6.31999969,
,,,29.75999936E-3,6.31999969,
,,,29.79999967E-3,6.35999966,
,,,29.83999997E-3,6.31999969,
,,,29.88000028E-3,6.35999966,
,,,29.91999872E-3,6.31999969,
,,,29.95999902E-3,6.35999966,
,,,29.99999933E-3,6.39999962,
,,,30.03999963E-3,6.35999966,
,,,30.07999994E-3,6.39999962,
,,,30.12000024E-3,6.44000006,
,,,30.15999869E-3,6.35999966,
,,,30.19999899E-3,6.35999966,
,,,30.23999929E-3,6.35999966,
,,,30.27999960E-3,6.39999962,
,,,30.31999990E-3,6.39999962,
,,,30.36000021E-3,6.35999966,
,,,30.40000051E-3,6.35999966,
,,,30.43999895E-3,6.39999962,
,,,30.47999926E-3,6.35999966,
,,,30.51999956E-3,6.35999966,
,,,30.55999987E-3,6.39999962,
,,,30.60000017E-3,6.39999962,
,,,30.64000048E-3,6.39999962,
,,,30.67999892E-3,6.39999962,
,,,30.71999922E-3,6.39999962,
,,,30.75999953E-3,6.39999962,
,,,30.79999983E-3,6.35999966,
,,,30.84000014E-3,6.39999962,
,,,30.88000044E-3,6.35999966,
,,,30.91999888E-3,6.35999966,
,,,30.95999919E-3,6.35999966,
,,,30.99999949E-3,6.35999966,
,,,31.03999980E-3,6.39999962,
,,,31.08000010E-3,6.39999962,
,,,31.12000041E-3,6.44000006,
,,,31.15999885E-3,6.39999962,
,,,31.19999915E-3,6.35999966,
,,,31.23999946E-3,6.39999962,
,,,31.27999976E-3,6.35999966,
,,,31.31999820E-3,6.39999962,
,,,31.36000037E-3,6.39999962,
,,,31.39999881E-3,6.39999962,
,,,31.44000098E-3,6.35999966,
,,,31.47999942E-3,6.39999962,
,,,31.51999786E-3,6.39999962,
,,,31.56000003E-3,6.35999966,
,,,31.59999847E-3,6.39999962,
,,,31.64000064E-3,6.39999962,
,,,31.67999908E-3,6.35999966,
,,,31.72000125E-3,6.31999969,
,,,31.75999969E-3,6.35999966,
,,,31.79999813E-3,6.39999962,
,,,31.84000030E-3,6.39999962,
,,,31.87999874E-3,6.39999962,
,,,31.92000091E-3,6.39999962,
,,,31.95999935E-3,6.35999966,
,,,31.99999779E-3,6.35999966,
,,,32.03999996E-3,6.35999966,
,,,32.07999840E-3,6.39999962,
,,,32.12000057E-3,6.39999962,
,,,32.15999901E-3,6.39999962,
,,,32.20000118E-3,6.39999962,
,,,32.23999962E-3,6.35999966,
,,,32.27999806E-3,6.39999962,
,,,32.32000023E-3,6.39999962,
,,,32.35999867E-3,6.39999962,
,,,32.40000084E-3,6.39999962,
,,,32.43999928E-3,6.35999966,
,,,32.47999772E-3,6.39999962,
,,,32.51999989E-3,6.35999966,
,,,32.55999833E-3,6.35999966,
,,,32.60000050E-3,6.44000006,
,,,32.63999894E-3,6.39999962,
,,,32.68000111E-3,6.35999966,
,,,32.71999955E-3,6.35999966,
,,,32.75999799E-3,6.39999962,
,,,32.80000016E-3,6.39999962,
,,,32.83999860E-3,6.35999966,
,,,32.88000077E-3,6.39999962,
,,,32.91999921E-3,6.39999962,
,,,32.96000138E-3,6.35999966,
,,,32.99999982E-3,6.35999966,
,,,33.03999826E-3,6.35999966,
,,,33.08000043E-3,6.35999966,
,,,33.11999887E-3,6.39999962,
,,,33.16000104E-3,6.35999966,
,,,33.19999948E-3,6.39999962,
,,,33.23999792E-3,6.35999966,
,,,33.28000009E-3,6.35999966,
,,,33.31999853E-3,6.39999962,
,,,33.36000070E-3,6.31999969,
,,,33.39999914E-3,6.35999966,
,,,33.44000131E-3,6.35999966,
,,,33.47999975E-3,6.35999966,
,,,33.51999819E-3,6.31999969,
,,,33.56000036E-3,6.39999962,
,,,33.59999880E-3,6.35999966,
,,,33.64000097E-3,6.35999966,
,,,33.67999941E-3,6.35999966,
,,,33.71999785E-3,6.35999966,
,,,33.76000002E-3,6.39999962,
,,,33.79999846E-3,6.39999962,
,,,33.84000063E-3,6.39999962,
,,,33.87999907E-3,6.39999962,
,,,33.92000124E-3,6.31999969,
,,,33.95999968E-3,6.35999966,
,,,33.99999812E-3,6.35999966,
,,,34.04000029E-3,6.35999966,
,,,34.07999873E-3,6.39999962,
,,,34.12000090E-3,6.39999962,
,,,34.15999934E-3,6.39999962,
,,,34.19999778E-3,6.39999962,
,,,34.23999995E-3,6.39999962,
,,,34.27999839E-3,6.39999962,
,,,34.32000056E-3,6.39999962,
,,,34.35999900E-3,6.39999962,
,,,34.40000117E-3,6.39999962,
,,,34.43999961E-3,6.39999962,
,,,34.47999805E-3,6.39999962,
,,,34.52000022E-3,6.39999962,
,,,34.55999866E-3,6.39999962,
,,,34.60000083E-3,6.39999962,
,,,34.63999927E-3,6.39999962,
,,,34.67999771E-3,6.35999966,
,,,34.71999988E-3,6.39999962,
,,,34.75999832E-3,6.35999966,
,,,34.80000049E-3,6.39999962,
,,,34.83999893E-3,6.39999962,
,,,34.88000110E-3,6.39999962,
,,,34.91999954E-3,6.39999962,
,,,34.95999798E-3,6.35999966,
,,,35.00000015E-3,6.39999962,
,,,35.03999859E-3,6.39999962,
,,,35.08000076E-3,6.39999962,
,,,35.11999920E-3,6.39999962,
,,,35.15999764E-3,6.39999962,
,,,35.19999981E-3,6.35999966,
,,,35.23999825E-3,6.39999962,
,,,35.28000042E-3,6.39999962,
,,,35.31999886E-3,6.39999962,
,,,35.36000103E-3,6.39999962,
,,,35.39999947E-3,6.39999962,
,,,35.43999791E-3,6.39999962,
,,,35.48000008E-3,6.35999966,
,,,35.51999852E-3,6.35999966,
,,,35.56000069E-3,6.35999966,
,,,35.59999913E-3,6.39999962,
,,,35.64000130E-3,6.35999966,
,,,35.67999974E-3,6.39999962,
,,,35.71999818E-3,6.39999962,
,,,35.76000035E-3,6.39999962,
,,,35.79999879E-3,6.39999962,
,,,35.84000096E-3,6.39999962,
,,,35.87999940E-3,6.39999962,
,,,35.91999784E-3,6.39999962,
,,,35.96000001E-3,6.39999962,
,,,35.99999845E-3,6.39999962,
,,,36.04000062E-3,6.39999962,
,,,36.07999906E-3,6.39999962,
,,,36.12000123E-3,6.44000006,
,,,36.15999967E-3,6.44000006,
,,,36.19999811E-3,6.39999962,
,,,36.24000028E-3,6.39999962,
,,,36.27999872E-3,6.39999962,
,,,36.32000089E-3,6.39999962,
,,,36.35999933E-3,6.44000006,
,,,36.39999777E-3,6.39999962,
,,,36.43999994E-3,6.39999962,
,,,36.47999838E-3,6.39999962,
,,,36.52000055E-3,6.39999962,
,,,36.55999899E-3,6.44000006,
,,,36.60000116E-3,6.44000006,
,,,36.63999960E-3,6.39999962,
,,,36.67999804E-3,6.39999962,
,,,36.72000021E-3,6.35999966,
,,,36.75999865E-3,6.39999962,
,,,36.80000082E-3,6.39999962,
,,,36.83999926E-3,6.44000006,
,,,36.87999770E-3,6.39999962,
,,,36.91999987E-3,6.39999962,
,,,36.95999831E-3,6.39999962,
,,,37.00000048E-3,6.35999966,
,,,37.03999892E-3,6.44000006,
,,,37.08000109E-3,6.39999962,
,,,37.11999953E-3,6.44000006,
,,,37.15999797E-3,6.35999966,
,,,37.20000014E-3,6.44000006,
,,,37.23999858E-3,6.39999962,
,,,37.28000075E-3,6.39999962,
,,,37.31999919E-3,6.39999962,
,,,37.35999763E-3,6.39999962,
,,,37.39999980E-3,6.44000006,
,,,37.43999824E-3,6.39999962,
,,,37.48000041E-3,6.44000006,
,,,37.51999885E-3,6.39999962,
,,,37.56000102E-3,6.35999966,
,,,37.59999946E-3,6.39999962,
,,,37.63999790E-3,6.39999962,
,,,37.68000007E-3,6.44000006,
,,,37.71999851E-3,6.39999962,
,,,37.76000068E-3,6.39999962,
,,,37.79999912E-3,6.39999962,
,,,37.84000129E-3,6.39999962,
,,,37.87999973E-3,6.39999962,
,,,37.91999817E-3,6.39999962,
,,,37.96000034E-3,6.39999962,
,,,37.99999878E-3,6.35999966,
,,,38.04000095E-3,6.39999962,
,,,38.07999939E-3,6.39999962,
,,,38.11999783E-3,6.35999966,
,,,38.16000000E-3,6.39999962,
,,,38.19999844E-3,6.35999966,
,,,38.24000061E-3,6.35999966,
,,,38.27999905E-3,6.35999966,
,,,38.32000121E-3,6.39999962,
,,,38.35999966E-3,6.35999966,
,,,38.39999810E-3,6.39999962,
,,,38.44000027E-3,6.39999962,
,,,38.47999871E-3,6.39999962,
,,,38.52000087E-3,6.39999962,
,,,38.55999932E-3,6.35999966,
,,,38.59999776E-3,6.39999962,
,,,38.63999993E-3,6.39999962,
,,,38.67999837E-3,6.35999966,
,,,38.72000054E-3,6.44000006,
,,,38.75999898E-3,6.35999966,
,,,38.80000114E-3,6.39999962,
,,,38.83999959E-3,6.39999962,
,,,38.87999803E-3,6.39999962,
,,,38.92000020E-3,6.39999962,
,,,38.95999864E-3,6.39999962,
,,,39.00000080E-3,6.39999962,
,,,39.03999925E-3,6.44000006,
,,,39.07999769E-3,6.39999962,
,,,39.11999986E-3,6.39999962,
,,,39.15999830E-3,6.35999966,
,,,39.20000046E-3,6.39999962,
,,,39.23999891E-3,6.35999966,
,,,39.28000107E-3,6.39999962,
,,,39.31999952E-3,6.44000006,
,,,39.35999796E-3,6.39999962,
,,,39.40000013E-3,6.44000006,
,,,39.43999857E-3,6.39999962,
,,,39.48000073E-3,6.35999966,
,,,39.51999918E-3,6.39999962,
,,,39.55999762E-3,6.39999962,
,,,39.59999979E-3,6.39999962,
,,,39.63999823E-3,6.39999962,
,,,39.68000039E-3,6.39999962,
,,,39.71999884E-3,6.35999966,
,,,39.76000100E-3,6.39999962,
,,,39.79999945E-3,6.35999966,
,,,39.83999789E-3,6.35999966,
,,,39.88000005E-3,6.39999962,
,,,39.91999850E-3,6.35999966,
,,,39.96000066E-3,6.35999966,
,,,39.99999911E-3,6.44000006,
,,,40.03999755E-3,6.39999962,
,,,40.07999972E-3,6.44000006,
,,,40.11999816E-3,6.39999962,
,,,40.16000032E-3,6.39999962,
,,,40.19999877E-3,6.39999962,
,,,40.24000093E-3,6.35999966,
,,,40.27999938E-3,6.39999962,
,,,40.31999782E-3,6.39999962,
,,,40.35999998E-3,6.44000006,
,,,40.39999843E-3,6.39999962,
,,,40.44000059E-3,6.39999962,
,,,40.47999904E-3,6.44000006,
,,,40.52000120E-3,6.39999962,
,,,40.55999964E-3,6.39999962,
,,,40.59999809E-3,6.39999962,
,,,40.64000025E-3,6.44000006,
,,,40.67999870E-3,6.39999962,
,,,40.72000086E-3,6.39999962,
,,,40.75999931E-3,6.39999962,
,,,40.79999775E-3,6.35999966,
,,,40.83999991E-3,6.44000006,
,,,40.87999836E-3,6.39999962,
,,,40.92000052E-3,6.39999962,
,,,40.95999897E-3,6.39999962,
,,,41.00000113E-3,6.44000006,
,,,41.03999957E-3,6.44000006,
,,,41.07999802E-3,6.39999962,
,,,41.12000018E-3,6.44000006,
,,,41.15999863E-3,6.44000006,
,,,41.20000079E-3,6.39999962,
,,,41.23999923E-3,6.44000006,
,,,41.27999768E-3,6.39999962,
,,,41.31999984E-3,6.39999962,
,,,41.35999829E-3,6.39999962,
,,,41.40000045E-3,6.39999962,
,,,41.43999889E-3,6.39999962,
,,,41.48000106E-3,6.39999962,
,,,41.51999950E-3,6.39999962,
,,,41.55999795E-3,6.44000006,
,,,41.60000011E-3,6.39999962,
,,,41.63999856E-3,6.39999962,
,,,41.68000072E-3,6.39999962,
,,,41.71999916E-3,6.39999962,
,,,41.75999761E-3,6.39999962,
,,,41.79999977E-3,6.39999962,
,,,41.83999822E-3,6.39999962,
,,,41.88000038E-3,6.44000006,
,,,41.91999882E-3,6.39999962,
,,,41.96000099E-3,6.48000002,
,,,41.99999943E-3,6.39999962,
,,,42.03999788E-3,6.44000006,
,,,42.08000004E-3,6.44000006,
,,,42.11999848E-3,6.39999962,
,,,42.16000065E-3,6.44000006,
,,,42.19999909E-3,6.39999962,
,,,42.23999754E-3,6.39999962,
,,,42.27999970E-3,6.39999962,
,,,42.31999815E-3,6.44000006,
,,,42.36000031E-3,6.39999962,
,,,42.39999875E-3,6.39999962,
,,,42.44000092E-3,6.39999962,
,,,42.47999936E-3,6.39999962,
,,,42.51999781E-3,6.44000006,
,,,42.55999997E-3,6.44000006,
,,,42.59999841E-3,6.39999962,
,,,42.64000058E-3,6.39999962,
,,,42.67999902E-3,6.39999962,
,,,42.71999747E-3,6.39999962,
,,,42.75999963E-3,6.39999962,
,,,42.79999807E-3,6.39999962,
,,,42.84000024E-3,6.44000006,
,,,42.87999868E-3,6.39999962,
,,,42.92000085E-3,6.39999962,
,,,42.95999929E-3,6.44000006,
,,,42.99999774E-3,6.39999962,
,,,43.03999990E-3,6.48000002,
,,,43.07999834E-3,6.44000006,
,,,43.12000051E-3,6.44000006,
,,,43.15999895E-3,6.44000006,
,,,43.20000112E-3,6.39999962,
,,,43.23999956E-3,6.39999962,
,,,43.27999800E-3,6.44000006,
,,,43.32000017E-3,6.39999962,
,,,43.35999861E-3,6.44000006,
,,,43.40000078E-3,6.39999962,
,,,43.43999922E-3,6.44000006,
,,,43.47999766E-3,6.48000002,
,,,43.51999983E-3,6.39999962,
,,,43.55999827E-3,6.39999962,
,,,43.60000044E-3,6.48000002,
,,,43.63999888E-3,6.44000006,
,,,43.68000105E-3,6.39999962,
,,,43.71999949E-3,6.39999962,
,,,43.75999793E-3,6.39999962,
,,,43.80000010E-3,6.39999962,
,,,43.83999854E-3,6.39999962,
,,,43.88000071E-3,6.39999962,
,,,43.91999915E-3,6.39999962,
,,,43.95999759E-3,6.35999966,
,,,43.99999976E-3,6.44000006,
,,,44.03999820E-3,6.44000006,
,,,44.08000037E-3,6.44000006,
,,,44.11999881E-3,6.44000006,
,,,44.16000098E-3,6.44000006,
,,,44.19999942E-3,6.39999962,
,,,44.23999786E-3,6.44000006,
,,,44.28000003E-3,6.48000002,
,,,44.31999847E-3,6.44000006,
,,,44.36000064E-3,6.44000006,
,,,44.39999908E-3,6.44000006,
,,,44.43999752E-3,6.44000006,
,,,44.47999969E-3,6.48000002,
,,,44.51999813E-3,6.44000006,
,,,44.56000030E-3,6.44000006,
,,,44.59999874E-3,6.44000006,
,,,44.64000091E-3,6.48000002,
,,,44.67999935E-3,6.44000006,
,,,44.71999779E-3,6.39999962,
,,,44.75999996E-3,6.44000006,
,,,44.79999840E-3,6.48000002,
,,,44.84000057E-3,6.44000006,
,,,44.87999901E-3,6.48000002,
,,,44.91999745E-3,6.39999962,
,,,44.95999962E-3,6.44000006,
,,,44.99999806E-3,6.44000006,
,,,45.04000023E-3,6.44000006,
,,,45.07999867E-3,6.48000002,
,,,45.12000084E-3,6.48000002,
,,,45.15999928E-3,6.48000002,
,,,45.19999772E-3,6.39999962,
,,,45.23999989E-3,6.48000002,
,,,45.27999833E-3,6.39999962,
,,,45.32000050E-3,6.44000006,
,,,45.35999894E-3,6.44000006,
,,,45.39999738E-3,6.44000006,
,,,45.43999955E-3,6.44000006,
,,,45.47999799E-3,6.44000006,
,,,45.52000016E-3,6.48000002,
,,,45.55999860E-3,6.44000006,
,,,45.60000077E-3,6.39999962,
,,,45.63999921E-3,6.44000006,
,,,45.67999765E-3,6.44000006,
,,,45.71999982E-3,6.44000006,
,,,45.75999826E-3,6.44000006,
,,,45.80000043E-3,6.44000006,
,,,45.83999887E-3,6.48000002,
,,,45.88000104E-3,6.44000006,
,,,45.91999948E-3,6.44000006,
,,,45.95999792E-3,6.48000002,
,,,46.00000009E-3,6.44000006,
,,,46.03999853E-3,6.39999962,
,,,46.08000070E-3,6.44000006,
,,,46.11999914E-3,6.39999962,
,,,46.15999758E-3,6.39999962,
,,,46.19999975E-3,6.44000006,
,,,46.23999819E-3,6.39999962,
,,,46.28000036E-3,6.44000006,
,,,46.31999880E-3,6.44000006,
,,,46.36000097E-3,6.39999962,
,,,46.39999941E-3,6.44000006,
,,,46.43999785E-3,6.39999962,
,,,46.48000002E-3,6.39999962,
,,,46.51999846E-3,6.39999962,
,,,46.56000063E-3,6.39999962,
,,,46.59999907E-3,6.44000006,
,,,46.63999751E-3,6.44000006,
,,,46.67999968E-3,6.44000006,
,,,46.71999812E-3,6.39999962,
,,,46.76000029E-3,6.39999962,
,,,46.79999873E-3,6.39999962,
,,,46.84000090E-3,6.44000006,
,,,46.87999934E-3,6.39999962,
,,,46.91999778E-3,6.44000006,
,,,46.95999995E-3,6.44000006,
,,,46.99999839E-3,6.39999962,
,,,47.04000056E-3,6.44000006,
,,,47.07999900E-3,6.44000006,
,,,47.11999744E-3,6.39999962,
,,,47.15999961E-3,6.44000006,
,,,47.19999805E-3,6.39999962,
,,,47.24000022E-3,6.44000006,
,,,47.27999866E-3,6.48000002,
,,,47.32000083E-3,6.39999962,
,,,47.35999927E-3,6.39999962,
,,,47.39999771E-3,6.39999962,
,,,47.43999988E-3,6.44000006,
,,,47.47999832E-3,6.39999962,
,,,47.52000049E-3,6.39999962,
,,,47.55999893E-3,6.39999962,
,,,47.59999737E-3,6.44000006,
,,,47.63999954E-3,6.44000006,
,,,47.67999798E-3,6.44000006,
,,,47.72000015E-3,6.44000006,
,,,47.75999859E-3,6.44000006,
,,,47.80000076E-3,6.44000006,
,,,47.83999920E-3,6.39999962,
,,,47.87999764E-3,6.39999962,
,,,47.91999981E-3,6.39999962,
,,,47.95999825E-3,6.44000006,
,,,48.00000042E-3,6.39999962,
,,,48.03999886E-3,6.44000006,
,,,48.07999730E-3,6.39999962,
,,,48.11999947E-3,6.44000006,
,,,48.15999791E-3,6.39999962,
,,,48.20000008E-3,6.39999962,
,,,48.23999852E-3,6.39999962,
,,,48.28000069E-3,6.39999962,
,,,48.31999913E-3,6.39999962,
,,,48.35999757E-3,6.39999962,
,,,48.39999974E-3,6.39999962,
,,,48.43999818E-3,6.39999962,
,,,48.48000035E-3,6.39999962,
,,,48.51999879E-3,6.35999966,
,,,48.56000096E-3,6.44000006,
,,,48.59999940E-3,6.44000006,
,,,48.63999784E-3,6.39999962,
,,,48.68000001E-3,6.39999962,
,,,48.71999845E-3,6.39999962,
,,,48.76000062E-3,6.39999962,
,,,48.79999906E-3,6.44000006,
,,,48.83999750E-3,6.39999962,
,,,48.87999967E-3,6.39999962,
,,,48.91999811E-3,6.39999962,
,,,48.96000028E-3,6.35999966,
,,,48.99999872E-3,6.39999962,
,,,49.04000089E-3,6.44000006,
,,,49.07999933E-3,6.39999962,
,,,49.11999777E-3,6.39999962,
,,,49.15999994E-3,6.39999962,
,,,49.19999838E-3,6.39999962,
,,,49.24000055E-3,6.39999962,
,,,49.27999899E-3,6.44000006,
,,,49.31999743E-3,6.39999962,
,,,49.35999960E-3,6.39999962,
,,,49.39999804E-3,6.39999962,
,,,49.44000021E-3,6.44000006,
,,,49.47999865E-3,6.39999962,
,,,49.52000082E-3,6.44000006,
,,,49.55999926E-3,6.39999962,
,,,49.59999770E-3,6.39999962,
,,,49.63999987E-3,6.39999962,
,,,49.67999831E-3,6.39999962,
,,,49.72000048E-3,6.39999962,
,,,49.75999892E-3,6.39999962,
,,,49.79999736E-3,6.39999962,
,,,49.83999953E-3,6.39999962,
,,,49.87999797E-3,6.39999962,
,,,49.92000014E-3,6.39999962,
,,,49.95999858E-3,6.39999962,
,,,50.00000075E-3,6.44000006,
,,,50.03999919E-3,6.44000006,
,,,50.07999763E-3,6.44000006,
,,,50.11999980E-3,6.48000002,
,,,50.15999824E-3,6.39999962,
,,,50.20000041E-3,6.44000006,
,,,50.23999885E-3,6.48000002,
,,,50.27999729E-3,6.48000002,
,,,50.31999946E-3,6.44000006,
,,,50.35999790E-3,6.44000006,
,,,50.40000007E-3,6.48000002,
,,,50.43999851E-3,6.44000006,
,,,50.48000067E-3,6.44000006,
,,,50.51999912E-3,6.48000002,
,,,50.55999756E-3,6.48000002,
,,,50.59999973E-3,6.44000006,
,,,50.63999817E-3,6.44000006,
,,,50.68000033E-3,6.44000006,
,,,50.71999878E-3,6.44000006,
,,,50.76000094E-3,6.44000006,
,,,50.79999939E-3,6.44000006,
,,,50.83999783E-3,6.44000006,
,,,50.88000000E-3,6.48000002,
,,,50.91999844E-3,6.44000006,
,,,50.96000060E-3,6.44000006,
,,,50.99999905E-3,6.44000006,
,,,51.03999749E-3,6.44000006,
,,,51.07999966E-3,6.44000006,
,,,51.11999810E-3,6.48000002,
,,,51.16000026E-3,6.48000002,
,,,51.19999871E-3,6.48000002,
,,,51.24000087E-3,6.44000006,
,,,51.27999932E-3,6.44000006,
,,,51.31999776E-3,6.48000002,
,,,51.35999992E-3,6.48000002,
,,,51.39999837E-3,6.44000006,
,,,51.44000053E-3,6.44000006,
,,,51.47999898E-3,6.44000006,
,,,51.51999742E-3,6.44000006,
,,,51.55999959E-3,6.44000006,
,,,51.59999803E-3,6.44000006,
,,,51.64000019E-3,6.44000006,
,,,51.67999864E-3,6.44000006,
,,,51.72000080E-3,6.44000006,
,,,51.75999925E-3,6.44000006,
,,,51.79999769E-3,6.44000006,
,,,51.83999985E-3,6.48000002,
,,,51.87999830E-3,6.44000006,
,,,51.92000046E-3,6.44000006,
,,,51.95999891E-3,6.44000006,
,,,51.99999735E-3,6.39999962,
,,,52.03999951E-3,6.39999962,
,,,52.07999796E-3,6.44000006,
,,,52.12000012E-3,6.39999962,
,,,52.15999857E-3,6.35999966,
,,,52.20000073E-3,6.35999966,
,,,52.23999918E-3,6.39999962,
,,,52.27999762E-3,6.44000006,
,,,52.31999978E-3,6.39999962,
,,,52.35999823E-3,6.48000002,
,,,52.40000039E-3,6.39999962,
,,,52.43999884E-3,6.39999962,
,,,52.47999728E-3,6.44000006,
,,,52.51999944E-3,6.44000006,
,,,52.55999789E-3,6.44000006,
,,,52.60000005E-3,6.39999962,
,,,52.63999850E-3,6.39999962,
,,,52.68000066E-3,6.35999966,
,,,52.71999910E-3,6.39999962,
,,,52.75999755E-3,6.39999962,
,,,52.79999971E-3,6.39999962,
,,,52.83999816E-3,6.39999962,
,,,52.88000032E-3,6.39999962,
,,,52.91999876E-3,6.39999962,
,,,52.95999721E-3,6.44000006,
,,,52.99999937E-3,6.39999962,
,,,53.03999782E-3,6.44000006,
,,,53.07999998E-3,6.39999962,
,,,53.11999843E-3,6.44000006,
,,,53.16000059E-3,6.39999962,
,,,53.19999903E-3,6.39999962,
,,,53.23999748E-3,6.39999962,
,,,53.27999964E-3,6.39999962,
,,,53.31999809E-3,6.39999962,
,,,53.36000025E-3,6.39999962,
,,,53.39999869E-3,6.44000006,
,,,53.44000086E-3,6.39999962,
,,,53.47999930E-3,6.39999962,
,,,53.51999775E-3,6.39999962,
,,,53.55999991E-3,6.39999962,
,,,53.59999835E-3,6.39999962,
,,,53.64000052E-3,6.39999962,
,,,53.67999896E-3,6.39999962,
,,,53.71999741E-3,6.39999962,
,,,53.75999957E-3,6.35999966,
,,,53.79999802E-3,6.44000006,
,,,53.84000018E-3,6.44000006,
,,,53.87999862E-3,6.44000006,
,,,53.92000079E-3,6.48000002,
,,,53.95999923E-3,6.39999962,
,,,53.99999768E-3,6.44000006,
,,,54.03999984E-3,6.39999962,
,,,54.07999828E-3,6.39999962,
,,,54.12000045E-3,6.44000006,
,,,54.15999889E-3,6.39999962,
,,,54.19999734E-3,6.44000006,
,,,54.23999950E-3,6.39999962,
,,,54.27999794E-3,6.44000006,
,,,54.32000011E-3,6.39999962,
,,,54.35999855E-3,6.44000006,
,,,54.40000072E-3,6.39999962,
,,,54.43999916E-3,6.39999962,
,,,54.47999761E-3,6.39999962,
,,,54.51999977E-3,6.39999962,
,,,54.55999821E-3,6.44000006,
,,,54.600000381E-3,6.39999962,
,,,54.639998823E-3,6.39999962,
,,,54.679997265E-3,6.39999962,
,,,54.719999433E-3,6.39999962,
,,,54.759997874E-3,6.39999962,
,,,54.800000042E-3,6.44000006,
,,,54.839998484E-3,6.39999962,
,,,54.880000651E-3,6.39999962,
,,,54.919999093E-3,6.39999962,
,,,54.959997535E-3,6.44000006,
,,,54.999999702E-3,6.48000002,
,,,55.039998144E-3,6.39999962,
,,,55.080000311E-3,6.44000006,
,,,55.119998753E-3,6.44000006,
,,,55.159997195E-3,6.39999962,
,,,55.199999362E-3,6.44000006,
,,,55.239997804E-3,6.44000006,
,,,55.279999971E-3,6.44000006,
,,,55.319998413E-3,6.39999962,
,,,55.360000581E-3,6.48000002,
,,,55.399999022E-3,6.39999962,
,,,55.439997464E-3,6.44000006,
,,,55.479999632E-3,6.39999962,
,,,55.519998074E-3,6.48000002,
,,,55.560000241E-3,6.39999962,
,,,55.599998683E-3,6.39999962,
,,,55.639997125E-3,6.44000006,
,,,55.679999292E-3,6.39999962,
,,,55.719997734E-3,6.44000006,
,,,55.759999901E-3,6.39999962,
,,,55.799998343E-3,6.39999962,
,,,55.840000510E-3,6.39999962,
,,,55.879998952E-3,6.44000006,
,,,55.919997394E-3,6.39999962,
,,,55.959999561E-3,6.39999962,
,,,55.999998003E-3,6.48000002,
,,,56.040000170E-3,6.48000002,
,,,56.079998612E-3,6.44000006,
,,,56.120000780E-3,6.44000006,
,,,56.159999222E-3,6.39999962,
,,,56.199997663E-3,6.44000006,
,,,56.239999831E-3,6.44000006,
,,,56.279998273E-3,6.48000002,
,,,56.320000440E-3,6.48000002,
,,,56.359998882E-3,6.39999962,
,,,56.399997324E-3,6.39999962,
,,,56.439999491E-3,6.44000006,
,,,56.479997933E-3,6.44000006,
,,,56.520000100E-3,6.48000002,
,,,56.559998542E-3,6.44000006,
,,,56.600000709E-3,6.44000006,
,,,56.639999151E-3,6.39999962,
,,,56.679997593E-3,6.44000006,
,,,56.719999760E-3,6.44000006,
,,,56.759998202E-3,6.44000006,
,,,56.800000370E-3,6.44000006,
,,,56.839998811E-3,6.44000006,
,,,56.879997253E-3,6.39999962,
,,,56.919999421E-3,6.44000006,
,,,56.959997863E-3,6.44000006,
,,,57.000000030E-3,6.44000006,
,,,57.039998472E-3,6.44000006,
,,,57.080000639E-3,6.48000002,
,,,57.119999081E-3,6.44000006,
,,,57.159997523E-3,6.39999962,
,,,57.199999690E-3,6.39999962,
,,,57.239998132E-3,6.44000006,
,,,57.280000299E-3,6.44000006,
,,,57.319998741E-3,6.44000006,
,,,57.359997183E-3,6.44000006,
,,,57.399999350E-3,6.44000006,
,,,57.439997792E-3,6.48000002,
,,,57.479999959E-3,6.44000006,
,,,57.519998401E-3,6.48000002,
,,,57.560000569E-3,6.44000006,
,,,57.599999011E-3,6.44000006,
,,,57.639997452E-3,6.48000002,
,,,57.679999620E-3,6.44000006,
,,,57.719998062E-3,6.48000002,
,,,57.760000229E-3,6.44000006,
,,,57.799998671E-3,6.44000006,
,,,57.839997113E-3,6.39999962,
,,,57.879999280E-3,6.39999962,
,,,57.919997722E-3,6.44000006,
,,,57.959999889E-3,6.44000006,
,,,57.999998331E-3,6.44000006,
,,,58.040000498E-3,6.44000006,
,,,58.079998940E-3,6.39999962,
,,,58.119997382E-3,6.39999962,
,,,58.159999549E-3,6.44000006,
,,,58.199997991E-3,6.44000006,
,,,58.240000159E-3,6.48000002,
,,,58.279998600E-3,6.44000006,
,,,58.320000768E-3,6.39999962,
,,,58.359999210E-3,6.39999962,
,,,58.399997652E-3,6.39999962,
,,,58.439999819E-3,6.44000006,
,,,58.479998261E-3,6.39999962,
,,,58.520000428E-3,6.39999962,
,,,58.559998870E-3,6.44000006,
,,,58.599997312E-3,6.39999962,
,,,58.639999479E-3,6.39999962,
,,,58.679997921E-3,6.35999966,
,,,58.720000088E-3,6.39999962,
,,,58.759998530E-3,6.44000006,
,,,58.800000697E-3,6.39999962,
,,,58.839999139E-3,6.39999962,
,,,58.879997581E-3,6.44000006,
,,,58.919999748E-3,6.39999962,
,,,58.959998190E-3,6.44000006,
,,,59.000000358E-3,6.39999962,
,,,59.039998800E-3,6.44000006,
,,,59.079997241E-3,6.44000006,
,,,59.119999409E-3,6.44000006,
,,,59.159997851E-3,6.44000006,
,,,59.200000018E-3,6.39999962,
,,,59.239998460E-3,6.44000006,
,,,59.280000627E-3,6.44000006,
,,,59.319999069E-3,6.39999962,
,,,59.359997511E-3,6.39999962,
,,,59.399999678E-3,6.39999962,
,,,59.439998120E-3,6.39999962,
,,,59.480000287E-3,6.39999962,
,,,59.519998729E-3,6.44000006,
,,,59.559997171E-3,6.44000006,
,,,59.599999338E-3,6.44000006,
,,,59.639997780E-3,6.44000006,
,,,59.679999948E-3,6.39999962,
,,,59.719998389E-3,6.39999962,
,,,59.760000557E-3,6.44000006,
,,,59.799998999E-3,6.44000006,
,,,59.839997441E-3,6.44000006,
,,,59.879999608E-3,6.39999962,
,,,59.919998050E-3,6.44000006,
,,,59.960000217E-3,6.44000006,
,,,59.999998659E-3,6.39999962,
,,,60.039997101E-3,6.39999962,
,,,60.079999268E-3,6.39999962,
,,,60.119997710E-3,6.39999962,
,,,60.159999877E-3,6.39999962,
,,,60.199998319E-3,6.39999962,
,,,60.240000486E-3,6.44000006,
,,,60.279998928E-3,6.39999962,
,,,60.319997370E-3,6.39999962,
,,,60.359999537E-3,6.39999962,
,,,60.399997979E-3,6.39999962,
,,,60.440000147E-3,6.39999962,
,,,60.479998589E-3,6.39999962,
,,,60.519997030E-3,6.39999962,
,,,60.559999198E-3,6.39999962,
,,,60.599997640E-3,6.39999962,
,,,60.639999807E-3,6.39999962,
,,,60.679998249E-3,6.39999962,
,,,60.720000416E-3,6.39999962,
,,,60.759998858E-3,6.44000006,
,,,60.799997300E-3,6.39999962,
,,,60.839999467E-3,6.44000006,
,,,60.879997909E-3,6.39999962,
,,,60.920000076E-3,6.39999962,
,,,60.959998518E-3,6.39999962,
,,,61.000000685E-3,6.44000006,
,,,61.039999127E-3,6.39999962,
,,,61.079997569E-3,6.39999962,
,,,61.119999737E-3,6.44000006,
,,,61.159998178E-3,6.39999962,
,,,61.200000346E-3,6.39999962,
,,,61.239998788E-3,6.39999962,
,,,61.279997230E-3,6.39999962,
,,,61.319999397E-3,6.39999962,
,,,61.359997839E-3,6.39999962,
,,,61.400000006E-3,6.39999962,
,,,61.439998448E-3,6.35999966,
,,,61.480000615E-3,6.39999962,
,,,61.519999057E-3,6.44000006,
,,,61.559997499E-3,6.39999962,
,,,61.599999666E-3,6.39999962,
,,,61.639998108E-3,6.44000006,
,,,61.680000275E-3,6.39999962,
,,,61.719998717E-3,6.39999962,
,,,61.759997159E-3,6.39999962,
,,,61.799999326E-3,6.44000006,
,,,61.839997768E-3,6.39999962,
,,,61.879999936E-3,6.39999962,
,,,61.919998378E-3,6.39999962,
,,,61.960000545E-3,6.39999962,
,,,61.999998987E-3,6.48000002,
,,,62.039997429E-3,6.48000002,
,,,62.079999596E-3,6.44000006,
,,,62.119998038E-3,6.48000002,
,,,62.160000205E-3,6.39999962,
,,,62.199998647E-3,6.44000006,
,,,62.239997089E-3,6.44000006,
,,,62.279999256E-3,6.48000002,
,,,62.319997698E-3,6.48000002,
,,,62.359999865E-3,6.44000006,
,,,62.399998307E-3,6.44000006,
,,,62.440000474E-3,6.44000006,
,,,62.479998916E-3,6.48000002,
,,,62.519997358E-3,6.44000006,
,,,62.559999526E-3,6.44000006,
,,,62.600001693E-3,6.48000002,
,,,62.639996409E-3,6.44000006,
,,,62.679998577E-3,6.44000006,
,,,62.720000744E-3,6.48000002,
,,,62.759995461E-3,6.48000002,
,,,62.799997628E-3,6.44000006,
,,,62.839999795E-3,6.48000002,
,,,62.880001962E-3,6.39999962,
,,,62.919996679E-3,6.44000006,
,,,62.959998846E-3,6.48000002,
,,,63.000001013E-3,6.48000002,
,,,63.039995730E-3,6.44000006,
,,,63.079997897E-3,6.44000006,
,,,63.120000064E-3,6.48000002,
,,,63.160002232E-3,6.48000002,
,,,63.199996948E-3,6.44000006,
,,,63.239999115E-3,6.44000006,
,,,63.280001283E-3,6.48000002,
,,,63.319995999E-3,6.48000002,
,,,63.359998167E-3,6.48000002,
,,,63.400000334E-3,6.48000002,
,,,63.439995050E-3,6.44000006,
,,,63.479997218E-3,6.44000006,
,,,63.519999385E-3,6.48000002,
,,,63.560001552E-3,6.44000006,
,,,63.599996269E-3,6.44000006,
,,,63.639998436E-3,6.44000006,
,,,63.680000603E-3,6.44000006,
,,,63.719995320E-3,6.48000002,
,,,63.759997487E-3,6.44000006,
,,,63.799999654E-3,6.48000002,
,,,63.840001822E-3,6.44000006,
,,,63.879996538E-3,6.44000006,
,,,63.919998705E-3,6.44000006,
,,,63.960000873E-3,6.44000006,
,,,63.999995589E-3,6.44000006,
,,,64.039997756E-3,6.39999962,
,,,64.079999924E-3,6.39999962,
,,,64.120002091E-3,6.35999966,
,,,64.159996808E-3,6.35999966,
,,,64.199998975E-3,6.35999966,
,,,64.240001142E-3,6.39999962,
,,,64.279995859E-3,6.48000002,
,,,64.319998026E-3,6.39999962,
,,,64.360000193E-3,6.39999962,
,,,64.400002360E-3,6.39999962,
,,,64.439997077E-3,6.39999962,
,,,64.479999244E-3,6.39999962,
,,,64.520001411E-3,6.39999962,
,,,64.559996128E-3,6.35999966,
,,,64.599998295E-3,6.39999962,
,,,64.640000463E-3,6.44000006,
,,,64.679995179E-3,6.39999962,
,,,64.719997346E-3,6.35999966,
,,,64.759999514E-3,6.39999962,
,,,64.800001681E-3,6.39999962,
,,,64.839996397E-3,6.44000006,
,,,64.879998565E-3,6.39999962,
,,,64.920000732E-3,6.39999962,
,,,64.959995449E-3,6.48000002,
,,,64.999997616E-3,6.44000006,
,,,65.039999783E-3,6.44000006,
,,,65.080001950E-3,6.44000006,
,,,65.119996667E-3,6.39999962,
,,,65.159998834E-3,6.39999962,
,,,65.200001001E-3,6.39999962,
,,,65.239995718E-3,6.39999962,
,,,65.279997885E-3,6.39999962,
,,,65.320000052E-3,6.39999962,
,,,65.360002220E-3,6.39999962,
,,,65.399996936E-3,6.39999962,
,,,65.439999104E-3,6.39999962,
,,,65.480001271E-3,6.39999962,
,,,65.519995987E-3,6.44000006,
,,,65.559998155E-3,6.39999962,
,,,65.600000322E-3,6.39999962,
,,,65.639995039E-3,6.39999962,
,,,65.679997206E-3,6.39999962,
,,,65.719999373E-3,6.35999966,
,,,65.760001540E-3,6.39999962,
,,,65.799996257E-3,6.44000006,
,,,65.839998424E-3,6.44000006,
,,,65.880000591E-3,6.35999966,
,,,65.919995308E-3,6.44000006,
,,,65.959997475E-3,6.48000002,
,,,65.999999642E-3,6.39999962,
,,,66.040001810E-3,6.44000006,
,,,66.079996526E-3,6.39999962,
,,,66.119998693E-3,6.39999962,
,,,66.160000861E-3,6.39999962,
,,,66.199995577E-3,6.39999962,
,,,66.239997745E-3,6.39999962,
,,,66.279999912E-3,6.44000006,
,,,66.320002079E-3,6.44000006,
,,,66.359996796E-3,6.39999962,
,,,66.399998963E-3,6.44000006,
,,,66.440001130E-3,6.44000006,
,,,66.479995847E-3,6.44000006,
,,,66.519998014E-3,6.39999962,
,,,66.560000181E-3,6.39999962,
,,,66.600002348E-3,6.39999962,
,,,66.639997065E-3,6.39999962,
,,,66.679999232E-3,6.39999962,
,,,66.720001400E-3,6.44000006,
,,,66.759996116E-3,6.44000006,
,,,66.799998283E-3,6.44000006,
,,,66.840000451E-3,6.44000006,
,,,66.879995167E-3,6.39999962,
,,,66.919997334E-3,6.39999962,
,,,66.959999502E-3,6.39999962,
,,,67.000001669E-3,6.44000006,
,,,67.039996386E-3,6.44000006,
,,,67.079998553E-3,6.44000006,
,,,67.120000720E-3,6.39999962,
,,,67.159995437E-3,6.39999962,
,,,67.199997604E-3,6.39999962,
,,,67.239999771E-3,6.39999962,
,,,67.280001938E-3,6.39999962,
,,,67.319996655E-3,6.39999962,
,,,67.359998822E-3,6.44000006,
,,,67.400000989E-3,6.44000006,
,,,67.439995706E-3,6.44000006,
,,,67.479997873E-3,6.39999962,
,,,67.520000041E-3,6.39999962,
,,,67.560002208E-3,6.44000006,
,,,67.599996924E-3,6.44000006,
,,,67.639999092E-3,6.39999962,
,,,67.680001259E-3,6.39999962,
,,,67.719995975E-3,6.39999962,
,,,67.759998143E-3,6.39999962,
,,,67.800000310E-3,6.44000006,
,,,67.839995027E-3,6.44000006,
,,,67.879997194E-3,6.44000006,
,,,67.919999361E-3,6.39999962,
,,,67.960001528E-3,6.39999962,
,,,67.999996245E-3,6.48000002,
,,,68.039998412E-3,6.48000002,
,,,68.080000579E-3,6.44000006,
,,,68.119995296E-3,6.39999962,
,,,68.159997463E-3,6.44000006,
,,,68.199999630E-3,6.44000006,
,,,68.240001798E-3,6.48000002,
,,,68.279996514E-3,6.48000002,
,,,68.319998682E-3,6.44000006,
,,,68.360000849E-3,6.44000006,
,,,68.399995565E-3,6.44000006,
,,,68.439997733E-3,6.44000006,
,,,68.479999900E-3,6.48000002,
,,,68.520002067E-3,6.48000002,
,,,68.559996784E-3,6.48000002,
,,,68.599998951E-3,6.44000006,
,,,68.640001118E-3,6.39999962,
,,,68.679995835E-3,6.44000006,
,,,68.719998002E-3,6.44000006,
,,,68.760000169E-3,6.44000006,
,,,68.800002337E-3,6.44000006,
,,,68.839997053E-3,6.44000006,
,,,68.879999220E-3,6.44000006,
,,,68.920001388E-3,6.39999962,
,,,68.959996104E-3,6.39999962,
,,,68.999998271E-3,6.48000002,
,,,69.040000439E-3,6.44000006,
,,,69.079995155E-3,6.44000006,
,,,69.119997323E-3,6.44000006,
,,,69.159999490E-3,6.44000006,
,,,69.200001657E-3,6.48000002,
,,,69.239996374E-3,6.44000006,
,,,69.279998541E-3,6.44000006,
,,,69.320000708E-3,6.39999962,
,,,69.359995425E-3,6.44000006,
,,,69.399997592E-3,6.44000006,
,,,69.439999759E-3,6.44000006,
,,,69.480001926E-3,6.44000006,
,,,69.519996643E-3,6.44000006,
,,,69.559998810E-3,6.44000006,
,,,69.600000978E-3,6.44000006,
,,,69.639995694E-3,6.44000006,
,,,69.679997861E-3,6.44000006,
,,,69.720000029E-3,6.44000006,
,,,69.760002196E-3,6.48000002,
,,,69.799996912E-3,6.44000006,
,,,69.839999080E-3,6.44000006,
,,,69.880001247E-3,6.44000006,
,,,69.919995964E-3,6.39999962,
,,,69.959998131E-3,6.39999962,
,,,70.000000298E-3,6.44000006,
,,,70.039995015E-3,6.44000006,
,,,70.079997182E-3,6.44000006,
,,,70.119999349E-3,6.39999962,
,,,70.160001516E-3,6.44000006,
,,,70.199996233E-3,6.44000006,
,,,70.239998400E-3,6.39999962,
,,,70.280000567E-3,6.39999962,
,,,70.319995284E-3,6.39999962,
,,,70.359997451E-3,6.39999962,
,,,70.399999619E-3,6.39999962,
,,,70.440001786E-3,6.44000006,
,,,70.479996502E-3,6.44000006,
,,,70.519998670E-3,6.44000006,
,,,70.560000837E-3,6.48000002,
,,,70.599995553E-3,6.44000006,
,,,70.639997721E-3,6.35999966,
,,,70.679999888E-3,6.39999962,
,,,70.720002055E-3,6.44000006,
,,,70.759996772E-3,6.44000006,
,,,70.799998939E-3,6.44000006,
,,,70.840001106E-3,6.39999962,
,,,70.879995823E-3,6.39999962,
,,,70.919997990E-3,6.39999962,
,,,70.960000157E-3,6.44000006,
,,,70.999994874E-3,6.44000006,
,,,71.039997041E-3,6.39999962,
,,,71.079999208E-3,6.44000006,
,,,71.120001376E-3,6.44000006,
,,,71.159996092E-3,6.39999962,
,,,71.199998260E-3,6.39999962,
,,,71.240000427E-3,6.44000006,
,,,71.279995143E-3,6.39999962,
,,,71.319997311E-3,6.39999962,
,,,71.359999478E-3,6.39999962,
,,,71.400001645E-3,6.39999962,
,,,71.439996362E-3,6.39999962,
,,,71.479998529E-3,6.44000006,
,,,71.520000696E-3,6.39999962,
,,,71.559995413E-3,6.44000006,
,,,71.599997580E-3,6.44000006,
,,,71.639999747E-3,6.44000006,
,,,71.680001915E-3,6.44000006,
,,,71.719996631E-3,6.44000006,
,,,71.759998798E-3,6.35999966,
,,,71.800000966E-3,6.39999962,
,,,71.839995682E-3,6.44000006,
,,,71.879997849E-3,6.39999962,
,,,71.920000017E-3,6.39999962,
,,,71.960002184E-3,6.39999962,
,,,71.999996901E-3,6.48000002,
,,,72.039999068E-3,6.44000006,
,,,72.080001235E-3,6.44000006,
,,,72.119995952E-3,6.44000006,
,,,72.159998119E-3,6.48000002,
,,,72.200000286E-3,6.44000006,
,,,72.239995003E-3,6.51999998,
,,,72.279997170E-3,6.48000002,
,,,72.319999337E-3,6.44000006,
,,,72.360001504E-3,6.44000006,
,,,72.399996221E-3,6.44000006,
,,,72.439998388E-3,6.44000006,
,,,72.480000556E-3,6.44000006,
,,,72.519995272E-3,6.44000006,
,,,72.559997439E-3,6.44000006,
,,,72.599999607E-3,6.44000006,
,,,72.640001774E-3,6.44000006,
,,,72.679996490E-3,6.48000002,
,,,72.719998658E-3,6.48000002,
,,,72.760000825E-3,6.44000006,
,,,72.799995542E-3,6.39999962,
,,,72.839997709E-3,6.44000006,
,,,72.879999876E-3,6.44000006,
,,,72.920002043E-3,6.44000006,
,,,72.959996760E-3,6.48000002,
,,,72.999998927E-3,6.48000002,
,,,73.040001094E-3,6.39999962,
,,,73.079995811E-3,6.44000006,
,,,73.119997978E-3,6.44000006,
,,,73.160000145E-3,6.48000002,
,,,73.199994862E-3,6.44000006,
,,,73.239997029E-3,6.44000006,
,,,73.279999197E-3,6.48000002,
,,,73.320001364E-3,6.39999962,
,,,73.359996080E-3,6.35999966,
,,,73.399998248E-3,6.44000006,
,,,73.440000415E-3,6.44000006,
,,,73.479995131E-3,6.44000006,
,,,73.519997299E-3,6.44000006,
,,,73.559999466E-3,6.44000006,
,,,73.600001633E-3,6.48000002,
,,,73.639996350E-3,6.48000002,
,,,73.679998517E-3,6.39999962,
,,,73.720000684E-3,6.48000002,
,,,73.759995401E-3,6.44000006,
,,,73.799997568E-3,6.44000006,
,,,73.839999735E-3,6.44000006,
,,,73.880001903E-3,6.44000006,
,,,73.919996619E-3,6.48000002,
,,,73.959998786E-3,6.44000006,
,,,74.000000954E-3,6.39999962,
,,,74.039995670E-3,6.39999962,
,,,74.079997838E-3,6.39999962,
,,,74.120000005E-3,6.39999962,
,,,74.160002172E-3,6.44000006,
,,,74.199996889E-3,6.39999962,
,,,74.239999056E-3,6.44000006,
,,,74.280001223E-3,6.44000006,
,,,74.319995940E-3,6.39999962,
,,,74.359998107E-3,6.39999962,
,,,74.400000274E-3,6.44000006,
,,,74.439994991E-3,6.44000006,
,,,74.479997158E-3,6.39999962,
,,,74.519999325E-3,6.44000006,
,,,74.560001493E-3,6.39999962,
,,,74.599996209E-3,6.39999962,
,,,74.639998376E-3,6.44000006,
,,,74.680000544E-3,6.44000006,
,,,74.719995260E-3,6.39999962,
,,,74.759997427E-3,6.44000006,
,,,74.799999595E-3,6.44000006,
,,,74.840001762E-3,6.39999962,
,,,74.879996479E-3,6.39999962,
,,,74.919998646E-3,6.39999962,
,,,74.960000813E-3,6.39999962,
,,,74.999995530E-3,6.44000006,
,,,75.039997697E-3,6.44000006,
,,,75.079999864E-3,6.44000006,
,,,75.120002031E-3,6.39999962,
,,,75.159996748E-3,6.44000006,
,,,75.199998915E-3,6.39999962,
,,,75.240001082E-3,6.44000006,
,,,75.279995799E-3,6.44000006,
,,,75.319997966E-3,6.44000006,
,,,75.360000134E-3,6.44000006,
,,,75.399994850E-3,6.39999962,
,,,75.439997017E-3,6.39999962,
,,,75.479999185E-3,6.39999962,
,,,75.520001352E-3,6.44000006,
,,,75.559996068E-3,6.39999962,
,,,75.599998236E-3,6.39999962,
,,,75.640000403E-3,6.39999962,
,,,75.679995120E-3,6.44000006,
,,,75.719997287E-3,6.44000006,
,,,75.759999454E-3,6.39999962,
,,,75.800001621E-3,6.44000006,
,,,75.839996338E-3,6.39999962,
,,,75.879998505E-3,6.39999962,
,,,75.920000672E-3,6.44000006,
,,,75.959995389E-3,6.44000006,
,,,75.999997556E-3,6.44000006,
,,,76.039999723E-3,6.39999962,
,,,76.080001891E-3,6.39999962,
,,,76.119996607E-3,6.44000006,
,,,76.159998775E-3,6.48000002,
,,,76.200000942E-3,6.48000002,
,,,76.239995658E-3,6.44000006,
,,,76.279997826E-3,6.44000006,
,,,76.319999993E-3,6.44000006,
,,,76.360002160E-3,6.39999962,
