Record Length,2500,Points,-39.99999911E-3,5.07999992,
Sample Interval,39.99999899E-6,s,-39.96000066E-3,5.03999996,
Trigger Point,1.0000001E3,Samples,-39.91999850E-3,5.03999996,
,,,-39.88000005E-3,5.00000000,
,,,-39.83999789E-3,5.07999992,
,,,-39.79999945E-3,5.07999992,
Source,CH1,,-39.75999728E-3,5.03999996,
Vertical Units,Volts,,-39.71999884E-3,5.07999992,
Vertical Scale,999.999977648E-3,,-39.68000039E-3,5.03999996,
Vertical Offset,0,,-39.63999823E-3,5.07999992,
Horizontal Units,s,,-39.59999979E-3,5.07999992,
Horizontal Scale,9.999999747E-3,,-39.55999762E-3,5.07999992,
Pt Fmt,Y,,-39.51999918E-3,5.07999992,
Yzero,-5.64000000,,-39.48000073E-3,5.03999996,
Probe Atten,10.0000000,,-39.43999857E-3,5.03999996,
,,,-39.40000013E-3,5.03999996,
Note,TDS 2022B - 2:31:33 PM   6/9/2022,,-39.35999796E-3,5.07999992,
,,,-39.31999952E-3,5.03999996,
,,,-39.27999735E-3,5.03999996,
,,,-39.23999891E-3,5.03999996,
,,,-39.20000046E-3,5.07999992,
,,,-39.15999830E-3,5.03999996,
,,,-39.11999986E-3,5.03999996,
,,,-39.07999769E-3,5.03999996,
,,,-39.03999925E-3,5.07999992,
,,,-39.00000080E-3,5.03999996,
,,,-38.95999864E-3,5.07999992,
,,,-38.92000020E-3,5.07999992,
,,,-38.87999803E-3,5.07999992,
,,,-38.83999959E-3,5.00000000,
,,,-38.79999742E-3,5.03999996,
,,,-38.75999898E-3,5.07999992,
,,,-38.72000054E-3,5.07999992,
,,,-38.67999837E-3,5.03999996,
,,,-38.63999993E-3,5.07999992,
,,,-38.59999776E-3,5.03999996,
,,,-38.55999932E-3,5.03999996,
,,,-38.52000087E-3,5.07999992,
,,,-38.47999871E-3,5.03999996,
,,,-38.44000027E-3,5.03999996,
,,,-38.39999810E-3,5.03999996,
,,,-38.35999966E-3,5.03999996,
,,,-38.31999749E-3,5.03999996,
,,,-38.27999905E-3,5.03999996,
,,,-38.24000061E-3,5.07999992,
,,,-38.19999844E-3,5.03999996,
,,,-38.16000000E-3,5.07999992,
,,,-38.11999783E-3,5.03999996,
,,,-38.07999939E-3,5.03999996,
,,,-38.04000095E-3,5.07999992,
,,,-37.99999878E-3,5.07999992,
,,,-37.96000034E-3,5.03999996,
,,,-37.91999817E-3,5.07999992,
,,,-37.87999973E-3,5.07999992,
,,,-37.83999756E-3,5.07999992,
,,,-37.79999912E-3,5.03999996,
,,,-37.76000068E-3,5.03999996,
,,,-37.71999851E-3,5.03999996,
,,,-37.68000007E-3,5.07999992,
,,,-37.63999790E-3,5.07999992,
,,,-37.59999946E-3,5.07999992,
,,,-37.56000102E-3,5.07999992,
,,,-37.51999885E-3,5.03999996,
,,,-37.48000041E-3,5.03999996,
,,,-37.43999824E-3,5.03999996,
,,,-37.39999980E-3,5.03999996,
,,,-37.35999763E-3,5.07999992,
,,,-37.31999919E-3,5.03999996,
,,,-37.28000075E-3,5.07999992,
,,,-37.23999858E-3,5.07999992,
,,,-37.20000014E-3,5.07999992,
,,,-37.15999797E-3,5.03999996,
,,,-37.11999953E-3,5.03999996,
,,,-37.07999736E-3,5.03999996,
,,,-37.03999892E-3,5.03999996,
,,,-37.00000048E-3,5.03999996,
,,,-36.95999831E-3,5.03999996,
,,,-36.91999987E-3,5.03999996,
,,,-36.87999770E-3,5.03999996,
,,,-36.83999926E-3,5.03999996,
,,,-36.80000082E-3,5.07999992,
,,,-36.75999865E-3,5.03999996,
,,,-36.72000021E-3,5.03999996,
,,,-36.67999804E-3,5.07999992,
,,,-36.63999960E-3,5.07999992,
,,,-36.59999743E-3,5.03999996,
,,,-36.55999899E-3,5.03999996,
,,,-36.52000055E-3,5.03999996,
,,,-36.47999838E-3,5.07999992,
,,,-36.43999994E-3,5.03999996,
,,,-36.39999777E-3,5.03999996,
,,,-36.35999933E-3,5.07999992,
,,,-36.32000089E-3,5.03999996,
,,,-36.27999872E-3,5.03999996,
,,,-36.24000028E-3,5.03999996,
,,,-36.19999811E-3,5.03999996,
,,,-36.15999967E-3,5.03999996,
,,,-36.11999750E-3,5.03999996,
,,,-36.07999906E-3,5.07999992,
,,,-36.04000062E-3,5.03999996,
,,,-35.99999845E-3,5.03999996,
,,,-35.96000001E-3,5.07999992,
,,,-35.91999784E-3,5.03999996,
,,,-35.87999940E-3,5.03999996,
,,,-35.84000096E-3,5.03999996,
,,,-35.79999879E-3,5.03999996,
,,,-35.76000035E-3,5.07999992,
,,,-35.71999818E-3,5.07999992,
,,,-35.67999974E-3,5.03999996,
,,,-35.63999757E-3,5.03999996,
,,,-35.59999913E-3,5.07999992,
,,,-35.56000069E-3,5.07999992,
,,,-35.51999852E-3,5.07999992,
,,,-35.48000008E-3,5.07999992,
,,,-35.43999791E-3,5.07999992,
,,,-35.39999947E-3,5.03999996,
,,,-35.36000103E-3,5.03999996,
,,,-35.31999886E-3,5.03999996,
,,,-35.28000042E-3,5.07999992,
,,,-35.23999825E-3,5.07999992,
,,,-35.19999981E-3,5.03999996,
,,,-35.15999764E-3,5.07999992,
,,,-35.11999920E-3,5.07999992,
,,,-35.08000076E-3,5.07999992,
,,,-35.03999859E-3,5.07999992,
,,,-35.00000015E-3,5.03999996,
,,,-34.95999798E-3,5.03999996,
,,,-34.91999954E-3,5.07999992,
,,,-34.87999737E-3,5.07999992,
,,,-34.83999893E-3,5.03999996,
,,,-34.80000049E-3,5.07999992,
,,,-34.75999832E-3,5.03999996,
,,,-34.71999988E-3,5.03999996,
,,,-34.67999771E-3,5.07999992,
,,,-34.63999927E-3,5.07999992,
,,,-34.60000083E-3,5.07999992,
,,,-34.55999866E-3,5.07999992,
,,,-34.52000022E-3,5.07999992,
,,,-34.47999805E-3,5.07999992,
,,,-34.43999961E-3,5.03999996,
,,,-34.39999744E-3,5.07999992,
,,,-34.35999900E-3,5.07999992,
,,,-34.32000056E-3,5.03999996,
,,,-34.27999839E-3,5.03999996,
,,,-34.23999995E-3,5.03999996,
,,,-34.19999778E-3,5.03999996,
,,,-34.15999934E-3,5.03999996,
,,,-34.12000090E-3,5.11999989,
,,,-34.07999873E-3,5.03999996,
,,,-34.04000029E-3,5.07999992,
,,,-33.99999812E-3,5.03999996,
,,,-33.95999968E-3,5.07999992,
,,,-33.91999751E-3,5.07999992,
,,,-33.87999907E-3,5.00000000,
,,,-33.84000063E-3,5.03999996,
,,,-33.79999846E-3,5.07999992,
,,,-33.76000002E-3,5.03999996,
,,,-33.71999785E-3,5.07999992,
,,,-33.67999941E-3,5.03999996,
,,,-33.64000097E-3,5.03999996,
,,,-33.59999880E-3,5.03999996,
,,,-33.56000036E-3,5.03999996,
,,,-33.51999819E-3,5.03999996,
,,,-33.47999975E-3,5.07999992,
,,,-33.43999758E-3,5.07999992,
,,,-33.39999914E-3,5.03999996,
,,,-33.36000070E-3,5.03999996,
,,,-33.31999853E-3,5.07999992,
,,,-33.28000009E-3,5.07999992,
,,,-33.23999792E-3,5.07999992,
,,,-33.19999948E-3,5.03999996,
,,,-33.16000104E-3,5.03999996,
,,,-33.11999887E-3,5.03999996,
,,,-33.08000043E-3,5.03999996,
,,,-33.03999826E-3,5.03999996,
,,,-32.99999982E-3,5.03999996,
,,,-32.95999765E-3,5.00000000,
,,,-32.91999921E-3,5.07999992,
,,,-32.88000077E-3,5.03999996,
,,,-32.83999860E-3,5.07999992,
,,,-32.80000016E-3,5.03999996,
,,,-32.75999799E-3,5.03999996,
,,,-32.71999955E-3,5.03999996,
,,,-32.68000111E-3,5.03999996,
,,,-32.63999894E-3,5.07999992,
,,,-32.60000050E-3,5.03999996,
,,,-32.55999833E-3,5.07999992,
,,,-32.51999989E-3,5.07999992,
,,,-32.47999772E-3,5.07999992,
,,,-32.43999928E-3,5.07999992,
,,,-32.40000084E-3,5.07999992,
,,,-32.35999867E-3,5.03999996,
,,,-32.32000023E-3,5.03999996,
,,,-32.27999806E-3,5.03999996,
,,,-32.23999962E-3,5.03999996,
,,,-32.19999745E-3,5.03999996,
,,,-32.15999901E-3,5.03999996,
,,,-32.12000057E-3,5.03999996,
,,,-32.07999840E-3,5.03999996,
,,,-32.03999996E-3,5.07999992,
,,,-31.99999779E-3,5.03999996,
,,,-31.95999935E-3,5.03999996,
,,,-31.92000091E-3,5.03999996,
,,,-31.87999874E-3,5.03999996,
,,,-31.84000030E-3,5.07999992,
,,,-31.79999813E-3,5.03999996,
,,,-31.75999969E-3,5.07999992,
,,,-31.71999753E-3,5.03999996,
,,,-31.67999908E-3,5.03999996,
,,,-31.64000064E-3,5.03999996,
,,,-31.59999847E-3,5.00000000,
,,,-31.56000003E-3,5.07999992,
,,,-31.51999786E-3,5.03999996,
,,,-31.47999942E-3,5.03999996,
,,,-31.44000098E-3,5.03999996,
,,,-31.39999881E-3,5.07999992,
,,,-31.36000037E-3,5.07999992,
,,,-31.31999820E-3,5.07999992,
,,,-31.27999976E-3,5.03999996,
,,,-31.23999946E-3,5.03999996,
,,,-31.19999915E-3,5.07999992,
,,,-31.15999885E-3,5.07999992,
,,,-31.11999854E-3,5.07999992,
,,,-31.08000010E-3,5.03999996,
,,,-31.03999980E-3,5.03999996,
,,,-30.99999949E-3,5.07999992,
,,,-30.95999919E-3,5.07999992,
,,,-30.91999888E-3,5.03999996,
,,,-30.87999858E-3,5.07999992,
,,,-30.84000014E-3,5.07999992,
,,,-30.79999983E-3,5.03999996,
,,,-30.75999953E-3,5.07999992,
,,,-30.71999922E-3,5.07999992,
,,,-30.67999892E-3,5.07999992,
,,,-30.63999861E-3,5.03999996,
,,,-30.60000017E-3,5.03999996,
,,,-30.55999987E-3,5.07999992,
,,,-30.51999956E-3,5.03999996,
,,,-30.47999926E-3,5.07999992,
,,,-30.43999895E-3,5.03999996,
,,,-30.39999865E-3,5.07999992,
,,,-30.36000021E-3,5.03999996,
,,,-30.31999990E-3,5.07999992,
,,,-30.27999960E-3,5.07999992,
,,,-30.23999929E-3,5.03999996,
,,,-30.19999899E-3,5.03999996,
,,,-30.15999869E-3,5.03999996,
,,,-30.12000024E-3,5.03999996,
,,,-30.07999994E-3,5.03999996,
,,,-30.03999963E-3,5.07999992,
,,,-29.99999933E-3,5.03999996,
,,,-29.95999902E-3,5.07999992,
,,,-29.91999872E-3,5.03999996,
,,,-29.88000028E-3,5.07999992,
,,,-29.83999997E-3,5.07999992,
,,,-29.79999967E-3,5.07999992,
,,,-29.75999936E-3,5.07999992,
,,,-29.71999906E-3,5.07999992,
,,,-29.67999876E-3,5.03999996,
,,,-29.63999845E-3,5.03999996,
,,,-29.60000001E-3,5.07999992,
,,,-29.55999970E-3,5.03999996,
,,,-29.51999940E-3,5.03999996,
,,,-29.47999910E-3,5.07999992,
,,,-29.43999879E-3,5.07999992,
,,,-29.39999849E-3,5.03999996,
,,,-29.36000004E-3,5.07999992,
,,,-29.31999974E-3,5.03999996,
,,,-29.27999943E-3,5.03999996,
,,,-29.23999913E-3,5.07999992,
,,,-29.19999883E-3,5.03999996,
,,,-29.15999852E-3,5.07999992,
,,,-29.12000008E-3,5.07999992,
,,,-29.07999977E-3,5.03999996,
,,,-29.03999947E-3,5.03999996,
,,,-28.99999917E-3,5.07999992,
,,,-28.95999886E-3,5.07999992,
,,,-28.91999856E-3,5.03999996,
,,,-28.88000011E-3,5.03999996,
,,,-28.83999981E-3,5.07999992,
,,,-28.79999951E-3,5.07999992,
,,,-28.75999920E-3,5.07999992,
,,,-28.71999890E-3,5.07999992,
,,,-28.67999859E-3,5.03999996,
,,,-28.64000015E-3,5.03999996,
,,,-28.59999985E-3,5.03999996,
,,,-28.55999954E-3,5.03999996,
,,,-28.51999924E-3,5.07999992,
,,,-28.47999893E-3,5.07999992,
,,,-28.43999863E-3,5.03999996,
,,,-28.40000018E-3,5.07999992,
,,,-28.35999988E-3,5.07999992,
,,,-28.31999958E-3,5.07999992,
,,,-28.27999927E-3,5.03999996,
,,,-28.23999897E-3,5.03999996,
,,,-28.19999866E-3,5.07999992,
,,,-28.16000022E-3,5.03999996,
,,,-28.11999992E-3,5.07999992,
,,,-28.07999961E-3,5.03999996,
,,,-28.03999931E-3,5.03999996,
,,,-27.99999900E-3,5.03999996,
,,,-27.95999870E-3,5.07999992,
,,,-27.92000026E-3,5.03999996,
,,,-27.87999995E-3,5.03999996,
,,,-27.83999965E-3,5.03999996,
,,,-27.79999934E-3,5.07999992,
,,,-27.75999904E-3,5.03999996,
,,,-27.71999873E-3,5.07999992,
,,,-27.68000029E-3,5.07999992,
,,,-27.63999999E-3,5.07999992,
,,,-27.59999968E-3,5.03999996,
,,,-27.55999938E-3,5.03999996,
,,,-27.51999907E-3,5.07999992,
,,,-27.47999877E-3,5.03999996,
,,,-27.44000033E-3,5.03999996,
,,,-27.40000002E-3,5.07999992,
,,,-27.35999972E-3,5.03999996,
,,,-27.31999941E-3,5.07999992,
,,,-27.27999911E-3,5.03999996,
,,,-27.23999880E-3,5.03999996,
,,,-27.19999850E-3,5.07999992,
,,,-27.16000006E-3,5.03999996,
,,,-27.11999975E-3,5.03999996,
,,,-27.07999945E-3,5.07999992,
,,,-27.03999914E-3,5.03999996,
,,,-26.99999884E-3,5.03999996,
,,,-26.95999853E-3,5.07999992,
,,,-26.92000009E-3,5.03999996,
,,,-26.87999979E-3,5.07999992,
,,,-26.83999948E-3,5.07999992,
,,,-26.79999918E-3,5.07999992,
,,,-26.75999887E-3,5.07999992,
,,,-26.71999857E-3,5.03999996,
,,,-26.68000013E-3,5.03999996,
,,,-26.63999982E-3,5.03999996,
,,,-26.59999952E-3,5.07999992,
,,,-26.55999921E-3,5.07999992,
,,,-26.51999891E-3,5.03999996,
,,,-26.47999860E-3,5.07999992,
,,,-26.44000016E-3,5.07999992,
,,,-26.39999986E-3,5.03999996,
,,,-26.35999955E-3,5.07999992,
,,,-26.31999925E-3,5.03999996,
,,,-26.27999894E-3,5.03999996,
,,,-26.23999864E-3,5.03999996,
,,,-26.20000020E-3,5.07999992,
,,,-26.15999989E-3,5.07999992,
,,,-26.11999959E-3,5.07999992,
,,,-26.07999928E-3,5.03999996,
,,,-26.03999898E-3,5.07999992,
,,,-25.99999867E-3,5.07999992,
,,,-25.96000023E-3,5.03999996,
,,,-25.91999993E-3,5.03999996,
,,,-25.87999962E-3,5.07999992,
,,,-25.83999932E-3,5.07999992,
,,,-25.79999901E-3,5.07999992,
,,,-25.75999871E-3,5.07999992,
,,,-25.72000027E-3,5.03999996,
,,,-25.67999996E-3,5.07999992,
,,,-25.63999966E-3,5.03999996,
,,,-25.59999935E-3,5.03999996,
,,,-25.55999905E-3,5.03999996,
,,,-25.51999874E-3,5.07999992,
,,,-25.48000030E-3,5.07999992,
,,,-25.44000000E-3,5.03999996,
,,,-25.39999969E-3,5.07999992,
,,,-25.35999939E-3,5.07999992,
,,,-25.31999908E-3,5.03999996,
,,,-25.27999878E-3,5.03999996,
,,,-25.24000034E-3,5.03999996,
,,,-25.20000003E-3,5.07999992,
,,,-25.15999973E-3,5.03999996,
,,,-25.11999942E-3,5.03999996,
,,,-25.07999912E-3,5.03999996,
,,,-25.03999881E-3,5.03999996,
,,,-25.00000037E-3,5.07999992,
,,,-24.96000007E-3,5.03999996,
,,,-24.91999976E-3,5.03999996,
,,,-24.87999946E-3,5.07999992,
,,,-24.83999915E-3,5.03999996,
,,,-24.79999885E-3,5.07999992,
,,,-24.76000041E-3,5.03999996,
,,,-24.72000010E-3,5.03999996,
,,,-24.67999980E-3,5.07999992,
,,,-24.63999949E-3,5.07999992,
,,,-24.59999919E-3,5.07999992,
,,,-24.55999888E-3,5.07999992,
,,,-24.51999858E-3,5.03999996,
,,,-24.48000014E-3,5.07999992,
,,,-24.43999983E-3,5.07999992,
,,,-24.39999953E-3,5.03999996,
,,,-24.35999922E-3,5.07999992,
,,,-24.31999892E-3,5.07999992,
,,,-24.27999862E-3,5.07999992,
,,,-24.24000017E-3,5.07999992,
,,,-24.19999987E-3,5.03999996,
,,,-24.15999956E-3,5.07999992,
,,,-24.11999926E-3,5.03999996,
,,,-24.07999896E-3,5.07999992,
,,,-24.03999865E-3,5.07999992,
,,,-24.00000021E-3,5.03999996,
,,,-23.95999990E-3,5.07999992,
,,,-23.91999960E-3,5.07999992,
,,,-23.87999929E-3,5.03999996,
,,,-23.83999899E-3,5.07999992,
,,,-23.79999869E-3,5.07999992,
,,,-23.76000024E-3,5.07999992,
,,,-23.71999994E-3,5.07999992,
,,,-23.67999963E-3,5.07999992,
,,,-23.63999933E-3,5.07999992,
,,,-23.59999903E-3,5.07999992,
,,,-23.55999872E-3,5.07999992,
,,,-23.52000028E-3,5.07999992,
,,,-23.47999997E-3,5.07999992,
,,,-23.43999967E-3,5.07999992,
,,,-23.39999937E-3,5.07999992,
,,,-23.35999906E-3,5.11999989,
,,,-23.31999876E-3,5.11999989,
,,,-23.28000031E-3,5.07999992,
,,,-23.24000001E-3,5.07999992,
,,,-23.19999970E-3,5.07999992,
,,,-23.15999940E-3,5.07999992,
,,,-23.11999910E-3,5.07999992,
,,,-23.07999879E-3,5.07999992,
,,,-23.04000035E-3,5.07999992,
,,,-23.00000004E-3,5.07999992,
,,,-22.95999974E-3,5.07999992,
,,,-22.91999944E-3,5.07999992,
,,,-22.87999913E-3,5.07999992,
,,,-22.83999883E-3,5.07999992,
,,,-22.80000038E-3,5.07999992,
,,,-22.76000008E-3,5.07999992,
,,,-22.71999978E-3,5.11999989,
,,,-22.67999947E-3,5.07999992,
,,,-22.63999917E-3,5.07999992,
,,,-22.59999886E-3,5.07999992,
,,,-22.56000042E-3,5.07999992,
,,,-22.52000012E-3,5.07999992,
,,,-22.47999981E-3,5.07999992,
,,,-22.43999951E-3,5.07999992,
,,,-22.39999920E-3,5.07999992,
,,,-22.35999890E-3,5.07999992,
,,,-22.32000045E-3,5.07999992,
,,,-22.28000015E-3,5.07999992,
,,,-22.23999985E-3,5.07999992,
,,,-22.19999954E-3,5.11999989,
,,,-22.15999924E-3,5.03999996,
,,,-22.11999893E-3,5.07999992,
,,,-22.08000049E-3,5.11999989,
,,,-22.04000019E-3,5.07999992,
,,,-21.99999988E-3,5.07999992,
,,,-21.95999958E-3,5.11999989,
,,,-21.91999927E-3,5.11999989,
,,,-21.87999897E-3,5.11999989,
,,,-21.83999866E-3,5.11999989,
,,,-21.80000022E-3,5.11999989,
,,,-21.75999992E-3,5.11999989,
,,,-21.71999961E-3,5.11999989,
,,,-21.67999931E-3,5.11999989,
,,,-21.63999900E-3,5.11999989,
,,,-21.59999870E-3,5.11999989,
,,,-21.56000026E-3,5.11999989,
,,,-21.51999995E-3,5.11999989,
,,,-21.47999965E-3,5.11999989,
,,,-21.43999934E-3,5.11999989,
,,,-21.39999904E-3,5.11999989,
,,,-21.35999873E-3,5.11999989,
,,,-21.32000029E-3,5.15999985,
,,,-21.27999999E-3,5.07999992,
,,,-21.23999968E-3,5.07999992,
,,,-21.19999938E-3,5.11999989,
,,,-21.15999907E-3,5.07999992,
,,,-21.11999877E-3,5.07999992,
,,,-21.08000033E-3,5.07999992,
,,,-21.04000002E-3,5.07999992,
,,,-20.99999972E-3,5.11999989,
,,,-20.95999941E-3,5.11999989,
,,,-20.91999911E-3,5.11999989,
,,,-20.87999880E-3,5.07999992,
,,,-20.84000036E-3,5.11999989,
,,,-20.80000006E-3,5.11999989,
,,,-20.75999975E-3,5.11999989,
,,,-20.71999945E-3,5.15999985,
,,,-20.67999914E-3,5.11999989,
,,,-20.63999884E-3,5.11999989,
,,,-20.60000040E-3,5.11999989,
,,,-20.56000009E-3,5.11999989,
,,,-20.51999979E-3,5.11999989,
,,,-20.47999948E-3,5.11999989,
,,,-20.43999918E-3,5.07999992,
,,,-20.39999887E-3,5.11999989,
,,,-20.36000043E-3,5.11999989,
,,,-20.32000013E-3,5.11999989,
,,,-20.27999982E-3,5.11999989,
,,,-20.23999952E-3,5.11999989,
,,,-20.19999921E-3,5.11999989,
,,,-20.15999891E-3,5.11999989,
,,,-20.12000047E-3,5.11999989,
,,,-20.0800002E-3,5.11999989,
,,,-20.0399999E-3,5.11999989,
,,,-19.9999996E-3,5.15999985,
,,,-19.9599992E-3,5.15999985,
,,,-19.9199989E-3,5.15999985,
,,,-19.8800005E-3,5.11999989,
,,,-19.8400002E-3,5.15999985,
,,,-19.7999999E-3,5.15999985,
,,,-19.7599996E-3,5.11999989,
,,,-19.7199993E-3,5.15999985,
,,,-19.6799990E-3,5.15999985,
,,,-19.6400005E-3,5.15999985,
,,,-19.6000002E-3,5.15999985,
,,,-19.5599999E-3,5.15999985,
,,,-19.5199996E-3,5.15999985,
,,,-19.4799993E-3,5.11999989,
,,,-19.4399990E-3,5.15999985,
,,,-19.3999987E-3,5.11999989,
,,,-19.3600003E-3,5.15999985,
,,,-19.3200000E-3,5.15999985,
,,,-19.2799997E-3,5.11999989,
,,,-19.2399994E-3,5.15999985,
,,,-19.1999990E-3,5.11999989,
,,,-19.1599987E-3,5.15999985,
,,,-19.1200003E-3,5.11999989,
,,,-19.0800000E-3,5.15999985,
,,,-19.0399997E-3,5.15999985,
,,,-18.9999994E-3,5.11999989,
,,,-18.9599991E-3,5.11999989,
,,,-18.9199988E-3,5.15999985,
,,,-18.8800003E-3,5.11999989,
,,,-18.8400000E-3,5.15999985,
,,,-18.7999997E-3,5.15999985,
,,,-18.7599994E-3,5.15999985,
,,,-18.7199991E-3,5.15999985,
,,,-18.6799988E-3,5.15999985,
,,,-18.6400004E-3,5.15999985,
,,,-18.6000001E-3,5.15999985,
,,,-18.5599998E-3,5.19999981,
,,,-18.5199995E-3,5.15999985,
,,,-18.4799992E-3,5.15999985,
,,,-18.4399989E-3,5.11999989,
,,,-18.4000004E-3,5.15999985,
,,,-18.3600001E-3,5.15999985,
,,,-18.3199998E-3,5.11999989,
,,,-18.2799995E-3,5.11999989,
,,,-18.2399992E-3,5.15999985,
,,,-18.1999989E-3,5.11999989,
,,,-18.1600004E-3,5.19999981,
,,,-18.1200001E-3,5.19999981,
,,,-18.0799998E-3,5.19999981,
,,,-18.0399995E-3,5.19999981,
,,,-17.9999992E-3,5.19999981,
,,,-17.9599989E-3,5.23999977,
,,,-17.9200005E-3,5.23999977,
,,,-17.8800002E-3,5.15999985,
,,,-17.8399999E-3,5.19999981,
,,,-17.7999996E-3,5.19999981,
,,,-17.7599993E-3,5.23999977,
,,,-17.7199990E-3,5.23999977,
,,,-17.6800005E-3,5.19999981,
,,,-17.6400002E-3,5.23999977,
,,,-17.5999999E-3,5.19999981,
,,,-17.5599996E-3,5.19999981,
,,,-17.5199993E-3,5.23999977,
,,,-17.4799990E-3,5.23999977,
,,,-17.4400005E-3,5.19999981,
,,,-17.4000002E-3,5.19999981,
,,,-17.3599999E-3,5.19999981,
,,,-17.3199996E-3,5.19999981,
,,,-17.2799993E-3,5.23999977,
,,,-17.2399990E-3,5.23999977,
,,,-17.2000006E-3,5.19999981,
,,,-17.1600003E-3,5.19999981,
,,,-17.1200000E-3,5.23999977,
,,,-17.0799997E-3,5.23999977,
,,,-17.0399994E-3,5.19999981,
,,,-16.9999991E-3,5.23999977,
,,,-16.9599988E-3,5.19999981,
,,,-16.9200003E-3,5.19999981,
,,,-16.8800000E-3,5.23999977,
,,,-16.8399997E-3,5.19999981,
,,,-16.7999994E-3,5.19999981,
,,,-16.7599991E-3,5.23999977,
,,,-16.7199988E-3,5.19999981,
,,,-16.6800003E-3,5.19999981,
,,,-16.6400000E-3,5.23999977,
,,,-16.5999997E-3,5.23999977,
,,,-16.5599994E-3,5.19999981,
,,,-16.5199991E-3,5.19999981,
,,,-16.4799988E-3,5.23999977,
,,,-16.4400004E-3,5.19999981,
,,,-16.4000001E-3,5.19999981,
,,,-16.3599998E-3,5.19999981,
,,,-16.3199995E-3,5.19999981,
,,,-16.2799992E-3,5.19999981,
,,,-16.2399989E-3,5.19999981,
,,,-16.2000004E-3,5.23999977,
,,,-16.1600001E-3,5.19999981,
,,,-16.1199998E-3,5.19999981,
,,,-16.0799995E-3,5.19999981,
,,,-16.0399992E-3,5.19999981,
,,,-15.9999989E-3,5.19999981,
,,,-15.9600005E-3,5.19999981,
,,,-15.9200002E-3,5.19999981,
,,,-15.8799998E-3,5.19999981,
,,,-15.8399995E-3,5.19999981,
,,,-15.7999992E-3,5.19999981,
,,,-15.7599989E-3,5.23999977,
,,,-15.7200005E-3,5.19999981,
,,,-15.6800002E-3,5.19999981,
,,,-15.6399999E-3,5.23999977,
,,,-15.5999996E-3,5.19999981,
,,,-15.5599993E-3,5.23999977,
,,,-15.5199999E-3,5.19999981,
,,,-15.4799996E-3,5.19999981,
,,,-15.4399993E-3,5.19999981,
,,,-15.3999999E-3,5.19999981,
,,,-15.3599996E-3,5.23999977,
,,,-15.3199993E-3,5.19999981,
,,,-15.2799999E-3,5.23999977,
,,,-15.2399996E-3,5.19999981,
,,,-15.1999993E-3,5.19999981,
,,,-15.1600000E-3,5.19999981,
,,,-15.1199996E-3,5.23999977,
,,,-15.0799993E-3,5.23999977,
,,,-15.0400000E-3,5.15999985,
,,,-14.9999997E-3,5.19999981,
,,,-14.9599994E-3,5.19999981,
,,,-14.9200000E-3,5.19999981,
,,,-14.8799997E-3,5.19999981,
,,,-14.8399994E-3,5.19999981,
,,,-14.8000000E-3,5.23999977,
,,,-14.7599997E-3,5.23999977,
,,,-14.7199994E-3,5.23999977,
,,,-14.6800000E-3,5.23999977,
,,,-14.6399997E-3,5.19999981,
,,,-14.5999994E-3,5.19999981,
,,,-14.5600000E-3,5.19999981,
,,,-14.5199997E-3,5.23999977,
,,,-14.4799994E-3,5.23999977,
,,,-14.4400001E-3,5.19999981,
,,,-14.3999998E-3,5.19999981,
,,,-14.3599994E-3,5.19999981,
,,,-14.3200001E-3,5.19999981,
,,,-14.2799998E-3,5.19999981,
,,,-14.2399995E-3,5.19999981,
,,,-14.2000001E-3,5.19999981,
,,,-14.1599998E-3,5.19999981,
,,,-14.1199995E-3,5.19999981,
,,,-14.0800001E-3,5.27999973,
,,,-14.0399998E-3,5.27999973,
,,,-13.9999995E-3,5.27999973,
,,,-13.9600001E-3,5.27999973,
,,,-13.9199998E-3,5.23999977,
,,,-13.8799995E-3,5.27999973,
,,,-13.8400001E-3,5.27999973,
,,,-13.7999998E-3,5.27999973,
,,,-13.7599995E-3,5.27999973,
,,,-13.7200002E-3,5.27999973,
,,,-13.6799999E-3,5.27999973,
,,,-13.6399996E-3,5.27999973,
,,,-13.6000002E-3,5.27999973,
,,,-13.5599999E-3,5.27999973,
,,,-13.5199996E-3,5.23999977,
,,,-13.4800002E-3,5.23999977,
,,,-13.4399999E-3,5.27999973,
,,,-13.3999996E-3,5.27999973,
,,,-13.3600002E-3,5.27999973,
,,,-13.3199999E-3,5.27999973,
,,,-13.2799996E-3,5.27999973,
,,,-13.2400002E-3,5.23999977,
,,,-13.1999999E-3,5.27999973,
,,,-13.1599996E-3,5.27999973,
,,,-13.1199993E-3,5.27999973,
,,,-13.0799999E-3,5.27999973,
,,,-13.0399996E-3,5.31999969,
,,,-12.9999993E-3,5.27999973,
,,,-12.9600000E-3,5.27999973,
,,,-12.9199997E-3,5.27999973,
,,,-12.8799994E-3,5.31999969,
,,,-12.8400000E-3,5.23999977,
,,,-12.7999997E-3,5.27999973,
,,,-12.7599994E-3,5.27999973,
,,,-12.7200000E-3,5.27999973,
,,,-12.6799997E-3,5.27999973,
,,,-12.6399994E-3,5.23999977,
,,,-12.6000000E-3,5.31999969,
,,,-12.5599997E-3,5.31999969,
,,,-12.5199994E-3,5.31999969,
,,,-12.4800000E-3,5.27999973,
,,,-12.4399997E-3,5.27999973,
,,,-12.3999994E-3,5.23999977,
,,,-12.3600001E-3,5.27999973,
,,,-12.3199997E-3,5.27999973,
,,,-12.2799994E-3,5.27999973,
,,,-12.2400001E-3,5.23999977,
,,,-12.1999998E-3,5.27999973,
,,,-12.1599995E-3,5.27999973,
,,,-12.1200001E-3,5.27999973,
,,,-12.0799998E-3,5.27999973,
,,,-12.0399995E-3,5.31999969,
,,,-12.0000001E-3,5.27999973,
,,,-11.9599998E-3,5.27999973,
,,,-11.9199995E-3,5.27999973,
,,,-11.8800001E-3,5.23999977,
,,,-11.8399998E-3,5.23999977,
,,,-11.7999995E-3,5.27999973,
,,,-11.7600001E-3,5.27999973,
,,,-11.7199998E-3,5.27999973,
,,,-11.6799995E-3,5.27999973,
,,,-11.6400002E-3,5.27999973,
,,,-11.5999999E-3,5.27999973,
,,,-11.5599995E-3,5.23999977,
,,,-11.5200002E-3,5.23999977,
,,,-11.4799999E-3,5.27999973,
,,,-11.4399996E-3,5.27999973,
,,,-11.4000002E-3,5.27999973,
,,,-11.3599999E-3,5.27999973,
,,,-11.3199996E-3,5.23999977,
,,,-11.2800002E-3,5.23999977,
,,,-11.2399999E-3,5.27999973,
,,,-11.1999996E-3,5.27999973,
,,,-11.1600002E-3,5.27999973,
,,,-11.1199999E-3,5.27999973,
,,,-11.0799996E-3,5.27999973,
,,,-11.0400002E-3,5.27999973,
,,,-10.9999999E-3,5.27999973,
,,,-10.9599996E-3,5.31999969,
,,,-10.9200003E-3,5.27999973,
,,,-10.8800000E-3,5.27999973,
,,,-10.8399997E-3,5.27999973,
,,,-10.8000003E-3,5.23999977,
,,,-10.7600000E-3,5.23999977,
,,,-10.7199997E-3,5.27999973,
,,,-10.6800003E-3,5.27999973,
,,,-10.6400000E-3,5.31999969,
,,,-10.5999997E-3,5.27999973,
,,,-10.5600003E-3,5.31999969,
,,,-10.5200000E-3,5.27999973,
,,,-10.4799997E-3,5.23999977,
,,,-10.4399994E-3,5.27999973,
,,,-10.4000000E-3,5.27999973,
,,,-10.3599997E-3,5.27999973,
,,,-10.3199994E-3,5.27999973,
,,,-10.2800000E-3,5.23999977,
,,,-10.2399997E-3,5.27999973,
,,,-10.1999994E-3,5.27999973,
,,,-10.1600001E-3,5.27999973,
,,,-10.1199998E-3,5.27999973,
,,,-10.0799995E-3,5.31999969,
,,,-10.0400001E-3,5.31999969,
,,,-9.999999776E-3,5.27999973,
,,,-9.959999472E-3,5.31999969,
,,,-9.920000099E-3,5.31999969,
,,,-9.879999794E-3,5.31999969,
,,,-9.839999489E-3,5.31999969,
,,,-9.800000116E-3,5.27999973,
,,,-9.759999812E-3,5.27999973,
,,,-9.719999507E-3,5.31999969,
,,,-9.680000134E-3,5.31999969,
,,,-9.639999829E-3,5.31999969,
,,,-9.599999525E-3,5.31999969,
,,,-9.560000151E-3,5.27999973,
,,,-9.519999847E-3,5.31999969,
,,,-9.479999542E-3,5.31999969,
,,,-9.440000169E-3,5.27999973,
,,,-9.399999864E-3,5.31999969,
,,,-9.359999560E-3,5.31999969,
,,,-9.320000187E-3,5.31999969,
,,,-9.279999882E-3,5.27999973,
,,,-9.239999577E-3,5.31999969,
,,,-9.200000204E-3,5.31999969,
,,,-9.159999900E-3,5.27999973,
,,,-9.119999595E-3,5.31999969,
,,,-9.080000222E-3,5.27999973,
,,,-9.039999917E-3,5.31999969,
,,,-8.999999613E-3,5.31999969,
,,,-8.960000239E-3,5.27999973,
,,,-8.919999935E-3,5.27999973,
,,,-8.879999630E-3,5.31999969,
,,,-8.840000257E-3,5.27999973,
,,,-8.799999952E-3,5.31999969,
,,,-8.759999648E-3,5.27999973,
,,,-8.720000274E-3,5.31999969,
,,,-8.679999970E-3,5.27999973,
,,,-8.639999665E-3,5.31999969,
,,,-8.600000292E-3,5.31999969,
,,,-8.559999987E-3,5.35999966,
,,,-8.519999683E-3,5.27999973,
,,,-8.480000310E-3,5.31999969,
,,,-8.440000005E-3,5.31999969,
,,,-8.399999700E-3,5.31999969,
,,,-8.360000327E-3,5.31999969,
,,,-8.320000023E-3,5.27999973,
,,,-8.279999718E-3,5.27999973,
,,,-8.240000345E-3,5.27999973,
,,,-8.200000040E-3,5.31999969,
,,,-8.159999736E-3,5.31999969,
,,,-8.120000362E-3,5.27999973,
,,,-8.080000058E-3,5.31999969,
,,,-8.039999753E-3,5.35999966,
,,,-7.999999449E-3,5.35999966,
,,,-7.960000075E-3,5.35999966,
,,,-7.919999771E-3,5.31999969,
,,,-7.879999466E-3,5.35999966,
,,,-7.840000093E-3,5.31999969,
,,,-7.799999788E-3,5.35999966,
,,,-7.759999949E-3,5.35999966,
,,,-7.720000111E-3,5.35999966,
,,,-7.679999806E-3,5.35999966,
,,,-7.639999967E-3,5.35999966,
,,,-7.600000128E-3,5.35999966,
,,,-7.559999824E-3,5.31999969,
,,,-7.519999985E-3,5.35999966,
,,,-7.480000146E-3,5.35999966,
,,,-7.439999841E-3,5.35999966,
,,,-7.400000002E-3,5.35999966,
,,,-7.36000016E-3,5.35999966,
,,,-7.31999986E-3,5.35999966,
,,,-7.28000002E-3,5.35999966,
,,,-7.23999972E-3,5.31999969,
,,,-7.19999988E-3,5.31999969,
,,,-7.16000004E-3,5.35999966,
,,,-7.11999973E-3,5.35999966,
,,,-7.07999989E-3,5.35999966,
,,,-7.04000005E-3,5.31999969,
,,,-6.99999975E-3,5.35999966,
,,,-6.95999991E-3,5.31999969,
,,,-6.92000007E-3,5.31999969,
,,,-6.87999977E-3,5.35999966,
,,,-6.83999993E-3,5.35999966,
,,,-6.80000009E-3,5.31999969,
,,,-6.75999979E-3,5.31999969,
,,,-6.71999995E-3,5.35999966,
,,,-6.68000011E-3,5.35999966,
,,,-6.63999980E-3,5.40000010,
,,,-6.59999996E-3,5.35999966,
,,,-6.56000013E-3,5.31999969,
,,,-6.51999982E-3,5.31999969,
,,,-6.47999998E-3,5.35999966,
,,,-6.44000014E-3,5.31999969,
,,,-6.39999984E-3,5.35999966,
,,,-6.36000000E-3,5.31999969,
,,,-6.32000016E-3,5.31999969,
,,,-6.27999986E-3,5.35999966,
,,,-6.24000002E-3,5.31999969,
,,,-6.20000018E-3,5.31999969,
,,,-6.15999987E-3,5.35999966,
,,,-6.12000003E-3,5.35999966,
,,,-6.07999973E-3,5.40000010,
,,,-6.03999989E-3,5.35999966,
,,,-6.00000005E-3,5.40000010,
,,,-5.95999975E-3,5.40000010,
,,,-5.91999991E-3,5.35999966,
,,,-5.88000007E-3,5.35999966,
,,,-5.83999977E-3,5.40000010,
,,,-5.79999993E-3,5.35999966,
,,,-5.76000009E-3,5.40000010,
,,,-5.71999978E-3,5.35999966,
,,,-5.67999994E-3,5.40000010,
,,,-5.64000010E-3,5.40000010,
,,,-5.59999980E-3,5.40000010,
,,,-5.55999996E-3,5.40000010,
,,,-5.52000012E-3,5.40000010,
,,,-5.47999982E-3,5.35999966,
,,,-5.43999998E-3,5.40000010,
,,,-5.40000014E-3,5.40000010,
,,,-5.35999984E-3,5.40000010,
,,,-5.32000000E-3,5.40000010,
,,,-5.28000016E-3,5.40000010,
,,,-5.23999985E-3,5.35999966,
,,,-5.20000001E-3,5.35999966,
,,,-5.16000018E-3,5.40000010,
,,,-5.11999987E-3,5.40000010,
,,,-5.08000003E-3,5.40000010,
,,,-5.04000019E-3,5.35999966,
,,,-4.99999989E-3,5.40000010,
,,,-4.96000005E-3,5.35999966,
,,,-4.92000021E-3,5.40000010,
,,,-4.87999991E-3,5.40000010,
,,,-4.84000007E-3,5.40000010,
,,,-4.80000023E-3,5.40000010,
,,,-4.75999992E-3,5.40000010,
,,,-4.72000008E-3,5.40000010,
,,,-4.67999978E-3,5.40000010,
,,,-4.63999994E-3,5.40000010,
,,,-4.60000010E-3,5.40000010,
,,,-4.55999980E-3,5.35999966,
,,,-4.51999996E-3,5.40000010,
,,,-4.48000012E-3,5.40000010,
,,,-4.43999982E-3,5.40000010,
,,,-4.39999998E-3,5.40000010,
,,,-4.36000014E-3,5.35999966,
,,,-4.31999983E-3,5.31999969,
,,,-4.27999999E-3,5.40000010,
,,,-4.24000015E-3,5.40000010,
,,,-4.19999985E-3,5.35999966,
,,,-4.16000001E-3,5.35999966,
,,,-4.12000017E-3,5.35999966,
,,,-4.07999987E-3,5.35999966,
,,,-4.04000003E-3,5.35999966,
,,,-4.00000019E-3,5.31999969,
,,,-3.95999989E-3,5.35999966,
,,,-3.92000005E-3,5.40000010,
,,,-3.87999997E-3,5.31999969,
,,,-3.83999990E-3,5.35999966,
,,,-3.80000006E-3,5.31999969,
,,,-3.75999999E-3,5.31999969,
,,,-3.71999992E-3,5.31999969,
,,,-3.68000008E-3,5.31999969,
,,,-3.64000001E-3,5.35999966,
,,,-3.59999994E-3,5.31999969,
,,,-3.56000010E-3,5.31999969,
,,,-3.52000003E-3,5.31999969,
,,,-3.47999996E-3,5.35999966,
,,,-3.44000012E-3,5.35999966,
,,,-3.40000005E-3,5.35999966,
,,,-3.35999997E-3,5.31999969,
,,,-3.32000013E-3,5.35999966,
,,,-3.28000006E-3,5.31999969,
,,,-3.23999999E-3,5.31999969,
,,,-3.20000015E-3,5.31999969,
,,,-3.16000008E-3,5.35999966,
,,,-3.12000001E-3,5.31999969,
,,,-3.07999994E-3,5.31999969,
,,,-3.04000010E-3,5.31999969,
,,,-3.00000003E-3,5.35999966,
,,,-2.95999995E-3,5.31999969,
,,,-2.92000012E-3,5.31999969,
,,,-2.88000004E-3,5.35999966,
,,,-2.83999997E-3,5.35999966,
,,,-2.80000013E-3,5.31999969,
,,,-2.76000006E-3,5.35999966,
,,,-2.71999999E-3,5.35999966,
,,,-2.6800002E-3,5.35999966,
,,,-2.6400001E-3,5.31999969,
,,,-2.6000000E-3,5.31999969,
,,,-2.5599999E-3,5.31999969,
,,,-2.5200001E-3,5.35999966,
,,,-2.4800000E-3,5.31999969,
,,,-2.4400000E-3,5.35999966,
,,,-2.4000001E-3,5.35999966,
,,,-2.3600000E-3,5.35999966,
,,,-2.3200000E-3,5.35999966,
,,,-2.2800001E-3,5.35999966,
,,,-2.2400001E-3,5.35999966,
,,,-2.2000000E-3,5.31999969,
,,,-2.1600001E-3,5.35999966,
,,,-2.1200001E-3,5.35999966,
,,,-2.0800000E-3,5.35999966,
,,,-2.0400002E-3,5.35999966,
,,,-2.0000001E-3,5.35999966,
,,,-1.9600000E-3,5.40000010,
,,,-1.9200001E-3,5.40000010,
,,,-1.8800001E-3,5.40000010,
,,,-1.8400000E-3,5.40000010,
,,,-1.8000001E-3,5.40000010,
,,,-1.7600001E-3,5.35999966,
,,,-1.7200001E-3,5.40000010,
,,,-1.6800001E-3,5.31999969,
,,,-1.6400000E-3,5.35999966,
,,,-1.6000001E-3,5.40000010,
,,,-1.5600001E-3,5.40000010,
,,,-1.5200000E-3,5.35999966,
,,,-1.4800001E-3,5.40000010,
,,,-1.4400000E-3,5.35999966,
,,,-1.4000001E-3,5.35999966,
,,,-1.3600001E-3,5.40000010,
,,,-1.3200000E-3,5.35999966,
,,,-1.2800001E-3,5.40000010,
,,,-1.2400001E-3,5.40000010,
,,,-1.2000001E-3,5.40000010,
,,,-1.1600001E-3,5.40000010,
,,,-1.1200001E-3,5.40000010,
,,,-1.0800001E-3,5.40000010,
,,,-1.0400001E-3,5.40000010,
,,,-1.0000000E-3,5.40000010,
,,,-960.000092164E-6,5.35999966,
,,,-920.000078622E-6,5.40000010,
,,,-880.000065081E-6,5.40000010,
,,,-840.000109747E-6,5.40000010,
,,,-800.000096206E-6,5.40000010,
,,,-760.000082664E-6,5.40000010,
,,,-720.000127330E-6,5.40000010,
,,,-680.000113789E-6,5.35999966,
,,,-640.000100248E-6,5.40000010,
,,,-600.000086706E-6,5.40000010,
,,,-560.000073165E-6,5.40000010,
,,,-520.000117831E-6,5.35999966,
,,,-480.000104290E-6,5.35999966,
,,,-440.000090748E-6,5.40000010,
,,,-400.00010631E-6,5.40000010,
,,,-360.00012187E-6,5.40000010,
,,,-320.00010833E-6,5.40000010,
,,,-280.00009479E-6,5.35999966,
,,,-240.00011035E-6,5.35999966,
,,,-200.00011136E-6,5.35999966,
,,,-160.00011237E-6,5.40000010,
,,,-120.0001134E-6,5.40000010,
,,,-80.000114394E-6,5.40000010,
,,,-40.00011540E-6,5.40000010,
,,,-116.4153214E-12,5.40000010,
,,,39.99988257E-6,5.44000006,
,,,79.999881564E-6,5.40000010,
,,,119.9998806E-6,5.40000010,
,,,159.99987954E-6,5.40000010,
,,,199.99987853E-6,5.40000010,
,,,239.99987752E-6,5.40000010,
,,,279.99986196E-6,5.40000010,
,,,319.99987550E-6,5.40000010,
,,,359.99988904E-6,5.44000006,
,,,399.99987348E-6,5.40000010,
,,,439.999857917E-6,5.40000010,
,,,479.999871459E-6,5.40000010,
,,,519.999885000E-6,5.40000010,
,,,559.999840334E-6,5.40000010,
,,,599.999853875E-6,5.40000010,
,,,639.999867417E-6,5.40000010,
,,,679.999880958E-6,5.44000006,
,,,719.999894500E-6,5.40000010,
,,,759.999849834E-6,5.40000010,
,,,799.999863375E-6,5.40000010,
,,,839.999876916E-6,5.40000010,
,,,879.999832250E-6,5.40000010,
,,,919.999845792E-6,5.44000006,
,,,959.999859333E-6,5.40000010,
,,,999.999814667E-6,5.40000010,
,,,1.0399999E-3,5.40000010,
,,,1.0799998E-3,5.40000010,
,,,1.1199999E-3,5.40000010,
,,,1.1599999E-3,5.40000010,
,,,1.1999998E-3,5.40000010,
,,,1.2399999E-3,5.40000010,
,,,1.2799999E-3,5.40000010,
,,,1.3199998E-3,5.40000010,
,,,1.3599999E-3,5.40000010,
,,,1.3999998E-3,5.40000010,
,,,1.4399998E-3,5.40000010,
,,,1.4799999E-3,5.40000010,
,,,1.5199998E-3,5.35999966,
,,,1.5599999E-3,5.40000010,
,,,1.5999998E-3,5.40000010,
,,,1.6399998E-3,5.40000010,
,,,1.6799999E-3,5.40000010,
,,,1.7199998E-3,5.40000010,
,,,1.7599999E-3,5.40000010,
,,,1.7999999E-3,5.40000010,
,,,1.8399998E-3,5.40000010,
,,,1.8799999E-3,5.40000010,
,,,1.9199998E-3,5.40000010,
,,,1.9599998E-3,5.40000010,
,,,1.9999999E-3,5.40000010,
,,,2.0399999E-3,5.40000010,
,,,2.0799998E-3,5.44000006,
,,,2.1199998E-3,5.40000010,
,,,2.1599999E-3,5.40000010,
,,,2.1999998E-3,5.40000010,
,,,2.2399998E-3,5.40000010,
,,,2.2799999E-3,5.40000010,
,,,2.3199997E-3,5.40000010,
,,,2.3599998E-3,5.40000010,
,,,2.3999999E-3,5.40000010,
,,,2.4399997E-3,5.40000010,
,,,2.4799998E-3,5.35999966,
,,,2.5199999E-3,5.40000010,
,,,2.5599999E-3,5.40000010,
,,,2.5999998E-3,5.44000006,
,,,2.6399998E-3,5.40000010,
,,,2.6799999E-3,5.40000010,
,,,2.71999976E-3,5.40000010,
,,,2.75999983E-3,5.40000010,
,,,2.79999990E-3,5.40000010,
,,,2.83999974E-3,5.40000010,
,,,2.87999981E-3,5.40000010,
,,,2.91999988E-3,5.40000010,
,,,2.95999972E-3,5.40000010,
,,,2.99999979E-3,5.40000010,
,,,3.03999986E-3,5.35999966,
,,,3.07999970E-3,5.40000010,
,,,3.11999978E-3,5.40000010,
,,,3.15999985E-3,5.40000010,
,,,3.19999969E-3,5.40000010,
,,,3.23999976E-3,5.40000010,
,,,3.27999983E-3,5.44000006,
,,,3.31999990E-3,5.40000010,
,,,3.35999974E-3,5.40000010,
,,,3.39999981E-3,5.40000010,
,,,3.43999988E-3,5.40000010,
,,,3.47999972E-3,5.40000010,
,,,3.51999979E-3,5.40000010,
,,,3.55999987E-3,5.40000010,
,,,3.59999971E-3,5.40000010,
,,,3.63999978E-3,5.40000010,
,,,3.67999985E-3,5.40000010,
,,,3.71999969E-3,5.35999966,
,,,3.75999976E-3,5.40000010,
,,,3.79999983E-3,5.40000010,
,,,3.83999990E-3,5.40000010,
,,,3.87999974E-3,5.40000010,
,,,3.91999958E-3,5.40000010,
,,,3.95999989E-3,5.40000010,
,,,3.99999972E-3,5.40000010,
,,,4.03999956E-3,5.40000010,
,,,4.07999987E-3,5.40000010,
,,,4.11999971E-3,5.35999966,
,,,4.16000001E-3,5.40000010,
,,,4.19999985E-3,5.40000010,
,,,4.23999969E-3,5.40000010,
,,,4.27999999E-3,5.40000010,
,,,4.31999983E-3,5.40000010,
,,,4.35999967E-3,5.44000006,
,,,4.39999998E-3,5.40000010,
,,,4.43999982E-3,5.40000010,
,,,4.47999965E-3,5.40000010,
,,,4.51999996E-3,5.40000010,
,,,4.55999980E-3,5.40000010,
,,,4.59999964E-3,5.40000010,
,,,4.63999994E-3,5.40000010,
,,,4.67999978E-3,5.40000010,
,,,4.71999962E-3,5.40000010,
,,,4.75999992E-3,5.40000010,
,,,4.79999976E-3,5.40000010,
,,,4.83999960E-3,5.40000010,
,,,4.87999991E-3,5.40000010,
,,,4.91999974E-3,5.40000010,
,,,4.95999958E-3,5.40000010,
,,,4.99999989E-3,5.40000010,
,,,5.03999973E-3,5.40000010,
,,,5.07999957E-3,5.40000010,
,,,5.11999987E-3,5.40000010,
,,,5.15999971E-3,5.40000010,
,,,5.19999955E-3,5.40000010,
,,,5.23999985E-3,5.40000010,
,,,5.27999969E-3,5.40000010,
,,,5.31999953E-3,5.40000010,
,,,5.35999984E-3,5.35999966,
,,,5.39999967E-3,5.40000010,
,,,5.43999951E-3,5.40000010,
,,,5.47999982E-3,5.40000010,
,,,5.51999966E-3,5.40000010,
,,,5.55999996E-3,5.40000010,
,,,5.59999980E-3,5.40000010,
,,,5.63999964E-3,5.40000010,
,,,5.67999994E-3,5.40000010,
,,,5.71999978E-3,5.40000010,
,,,5.75999962E-3,5.40000010,
,,,5.79999993E-3,5.40000010,
,,,5.83999977E-3,5.40000010,
,,,5.87999960E-3,5.40000010,
,,,5.91999991E-3,5.40000010,
,,,5.95999975E-3,5.40000010,
,,,5.99999959E-3,5.40000010,
,,,6.03999989E-3,5.40000010,
,,,6.07999973E-3,5.44000006,
,,,6.11999957E-3,5.40000010,
,,,6.15999987E-3,5.40000010,
,,,6.19999971E-3,5.40000010,
,,,6.23999955E-3,5.40000010,
,,,6.27999986E-3,5.44000006,
,,,6.31999969E-3,5.44000006,
,,,6.35999953E-3,5.40000010,
,,,6.39999984E-3,5.40000010,
,,,6.43999968E-3,5.40000010,
,,,6.47999952E-3,5.40000010,
,,,6.51999982E-3,5.40000010,
,,,6.55999966E-3,5.40000010,
,,,6.59999950E-3,5.40000010,
,,,6.63999980E-3,5.40000010,
,,,6.67999964E-3,5.40000010,
,,,6.71999995E-3,5.40000010,
,,,6.75999979E-3,5.40000010,
,,,6.79999962E-3,5.40000010,
,,,6.83999993E-3,5.40000010,
,,,6.87999977E-3,5.40000010,
,,,6.91999961E-3,5.40000010,
,,,6.95999991E-3,5.40000010,
,,,6.99999975E-3,5.40000010,
,,,7.03999959E-3,5.40000010,
,,,7.07999989E-3,5.40000010,
,,,7.11999973E-3,5.40000010,
,,,7.15999957E-3,5.40000010,
,,,7.19999988E-3,5.40000010,
,,,7.23999972E-3,5.40000010,
,,,7.27999955E-3,5.40000010,
,,,7.31999986E-3,5.40000010,
,,,7.35999970E-3,5.40000010,
,,,7.399999537E-3,5.40000010,
,,,7.439999841E-3,5.40000010,
,,,7.479999680E-3,5.40000010,
,,,7.519999519E-3,5.40000010,
,,,7.559999824E-3,5.40000010,
,,,7.599999662E-3,5.40000010,
,,,7.639999501E-3,5.40000010,
,,,7.679999806E-3,5.40000010,
,,,7.719999645E-3,5.40000010,
,,,7.759999484E-3,5.40000010,
,,,7.799999788E-3,5.40000010,
,,,7.840000093E-3,5.40000010,
,,,7.879999466E-3,5.40000010,
,,,7.919999771E-3,5.40000010,
,,,7.960000075E-3,5.40000010,
,,,7.999999449E-3,5.40000010,
,,,8.039999753E-3,5.40000010,
,,,8.080000058E-3,5.40000010,
,,,8.119999431E-3,5.40000010,
,,,8.159999736E-3,5.40000010,
,,,8.200000040E-3,5.40000010,
,,,8.239999413E-3,5.40000010,
,,,8.279999718E-3,5.40000010,
,,,8.320000023E-3,5.40000010,
,,,8.359999396E-3,5.40000010,
,,,8.399999700E-3,5.40000010,
,,,8.440000005E-3,5.40000010,
,,,8.479999378E-3,5.40000010,
,,,8.519999683E-3,5.35999966,
,,,8.559999987E-3,5.40000010,
,,,8.599999361E-3,5.40000010,
,,,8.639999665E-3,5.40000010,
,,,8.679999970E-3,5.40000010,
,,,8.719999343E-3,5.40000010,
,,,8.759999648E-3,5.40000010,
,,,8.799999952E-3,5.40000010,
,,,8.839999326E-3,5.40000010,
,,,8.879999630E-3,5.40000010,
,,,8.919999935E-3,5.40000010,
,,,8.959999308E-3,5.40000010,
,,,8.999999613E-3,5.40000010,
,,,9.039999917E-3,5.40000010,
,,,9.079999290E-3,5.40000010,
,,,9.119999595E-3,5.40000010,
,,,9.159999900E-3,5.40000010,
,,,9.199999273E-3,5.40000010,
,,,9.239999577E-3,5.40000010,
,,,9.279999882E-3,5.40000010,
,,,9.319999255E-3,5.40000010,
,,,9.359999560E-3,5.40000010,
,,,9.399999864E-3,5.40000010,
,,,9.439999238E-3,5.40000010,
,,,9.479999542E-3,5.40000010,
,,,9.519999847E-3,5.40000010,
,,,9.559999220E-3,5.40000010,
,,,9.599999525E-3,5.40000010,
,,,9.639999829E-3,5.40000010,
,,,9.679999202E-3,5.40000010,
,,,9.719999507E-3,5.40000010,
,,,9.759999812E-3,5.40000010,
,,,9.799999185E-3,5.44000006,
,,,9.839999489E-3,5.40000010,
,,,9.879999794E-3,5.40000010,
,,,9.919999167E-3,5.40000010,
,,,9.959999472E-3,5.40000010,
,,,9.999999776E-3,5.40000010,
,,,10.0400001E-3,5.40000010,
,,,10.0799995E-3,5.40000010,
,,,10.1199998E-3,5.40000010,
,,,10.1600001E-3,5.40000010,
,,,10.1999994E-3,5.40000010,
,,,10.2399997E-3,5.40000010,
,,,10.2800000E-3,5.40000010,
,,,10.3199994E-3,5.40000010,
,,,10.3599997E-3,5.40000010,
,,,10.4000000E-3,5.40000010,
,,,10.4399994E-3,5.44000006,
,,,10.4799997E-3,5.40000010,
,,,10.5200000E-3,5.40000010,
,,,10.5599994E-3,5.40000010,
,,,10.5999997E-3,5.40000010,
,,,10.6400000E-3,5.40000010,
,,,10.6799994E-3,5.40000010,
,,,10.7199997E-3,5.40000010,
,,,10.7600000E-3,5.40000010,
,,,10.7999993E-3,5.40000010,
,,,10.8399997E-3,5.40000010,
,,,10.8800000E-3,5.40000010,
,,,10.9199993E-3,5.40000010,
,,,10.9599996E-3,5.40000010,
,,,10.9999999E-3,5.40000010,
,,,11.0399993E-3,5.44000006,
,,,11.0799996E-3,5.40000010,
,,,11.1199999E-3,5.40000010,
,,,11.1599993E-3,5.40000010,
,,,11.1999996E-3,5.40000010,
,,,11.2399999E-3,5.40000010,
,,,11.2799993E-3,5.40000010,
,,,11.3199996E-3,5.44000006,
,,,11.3599999E-3,5.40000010,
,,,11.3999993E-3,5.40000010,
,,,11.4399996E-3,5.44000006,
,,,11.4799999E-3,5.44000006,
,,,11.5199992E-3,5.40000010,
,,,11.5599995E-3,5.40000010,
,,,11.5999999E-3,5.40000010,
,,,11.6399992E-3,5.40000010,
,,,11.6799995E-3,5.40000010,
,,,11.7199998E-3,5.44000006,
,,,11.7599992E-3,5.40000010,
,,,11.7999995E-3,5.40000010,
,,,11.8399998E-3,5.40000010,
,,,11.8799992E-3,5.40000010,
,,,11.9199995E-3,5.40000010,
,,,11.9599998E-3,5.40000010,
,,,11.9999992E-3,5.40000010,
,,,12.0399995E-3,5.40000010,
,,,12.0799998E-3,5.35999966,
,,,12.1199992E-3,5.40000010,
,,,12.1599995E-3,5.40000010,
,,,12.1999998E-3,5.40000010,
,,,12.2399991E-3,5.40000010,
,,,12.2799994E-3,5.40000010,
,,,12.3199997E-3,5.40000010,
,,,12.3599991E-3,5.40000010,
,,,12.3999994E-3,5.44000006,
,,,12.4399997E-3,5.40000010,
,,,12.4800000E-3,5.40000010,
,,,12.5199994E-3,5.40000010,
,,,12.5599997E-3,5.40000010,
,,,12.6000000E-3,5.40000010,
,,,12.6399994E-3,5.40000010,
,,,12.6799997E-3,5.40000010,
,,,12.7200000E-3,5.40000010,
,,,12.7599994E-3,5.40000010,
,,,12.7999997E-3,5.40000010,
,,,12.8400000E-3,5.44000006,
,,,12.8799994E-3,5.40000010,
,,,12.9199997E-3,5.40000010,
,,,12.9600000E-3,5.40000010,
,,,12.9999993E-3,5.40000010,
,,,13.0399996E-3,5.44000006,
,,,13.0799999E-3,5.40000010,
,,,13.1199993E-3,5.40000010,
,,,13.1599996E-3,5.40000010,
,,,13.1999999E-3,5.40000010,
,,,13.2399993E-3,5.40000010,
,,,13.2799996E-3,5.40000010,
,,,13.3199999E-3,5.40000010,
,,,13.3599993E-3,5.40000010,
,,,13.3999996E-3,5.40000010,
,,,13.4399999E-3,5.40000010,
,,,13.4799993E-3,5.40000010,
,,,13.5199996E-3,5.40000010,
,,,13.5599999E-3,5.40000010,
,,,13.5999992E-3,5.40000010,
,,,13.6399996E-3,5.40000010,
,,,13.6799999E-3,5.40000010,
,,,13.7199992E-3,5.40000010,
,,,13.7599995E-3,5.40000010,
,,,13.7999998E-3,5.40000010,
,,,13.8399992E-3,5.40000010,
,,,13.8799995E-3,5.40000010,
,,,13.9199998E-3,5.40000010,
,,,13.9599992E-3,5.44000006,
,,,13.9999995E-3,5.44000006,
,,,14.0399998E-3,5.44000006,
,,,14.0799992E-3,5.44000006,
,,,14.1199995E-3,5.44000006,
,,,14.1599998E-3,5.40000010,
,,,14.1999992E-3,5.40000010,
,,,14.2399995E-3,5.44000006,
,,,14.2799998E-3,5.44000006,
,,,14.3199991E-3,5.40000010,
,,,14.3599994E-3,5.48000002,
,,,14.3999998E-3,5.44000006,
,,,14.4399991E-3,5.44000006,
,,,14.4799994E-3,5.44000006,
,,,14.5199997E-3,5.44000006,
,,,14.5599991E-3,5.44000006,
,,,14.5999994E-3,5.40000010,
,,,14.6399997E-3,5.40000010,
,,,14.6799991E-3,5.40000010,
,,,14.7199994E-3,5.40000010,
,,,14.7599997E-3,5.44000006,
,,,14.7999991E-3,5.44000006,
,,,14.8399994E-3,5.40000010,
,,,14.8799997E-3,5.44000006,
,,,14.9199991E-3,5.44000006,
,,,14.9599994E-3,5.48000002,
,,,14.9999997E-3,5.44000006,
,,,15.0399990E-3,5.44000006,
,,,15.0799993E-3,5.44000006,
,,,15.1199996E-3,5.44000006,
,,,15.1600000E-3,5.44000006,
,,,15.1999993E-3,5.44000006,
,,,15.2399996E-3,5.40000010,
,,,15.2799999E-3,5.44000006,
,,,15.3199993E-3,5.40000010,
,,,15.3599996E-3,5.44000006,
,,,15.3999999E-3,5.40000010,
,,,15.4399993E-3,5.44000006,
,,,15.4799996E-3,5.48000002,
,,,15.5199999E-3,5.44000006,
,,,15.5599993E-3,5.44000006,
,,,15.5999996E-3,5.40000010,
,,,15.6399999E-3,5.40000010,
,,,15.6800002E-3,5.44000006,
,,,15.7199986E-3,5.44000006,
,,,15.7599989E-3,5.40000010,
,,,15.7999992E-3,5.44000006,
,,,15.8399995E-3,5.40000010,
,,,15.8799998E-3,5.44000006,
,,,15.9200002E-3,5.40000010,
,,,15.9599986E-3,5.40000010,
,,,15.9999989E-3,5.40000010,
,,,16.0399992E-3,5.40000010,
,,,16.0799995E-3,5.40000010,
,,,16.1199998E-3,5.40000010,
,,,16.1600001E-3,5.40000010,
,,,16.1999986E-3,5.40000010,
,,,16.2399989E-3,5.40000010,
,,,16.2799992E-3,5.40000010,
,,,16.3199995E-3,5.40000010,
,,,16.3599998E-3,5.40000010,
,,,16.4000001E-3,5.35999966,
,,,16.4400004E-3,5.40000010,
,,,16.4799988E-3,5.40000010,
,,,16.5199991E-3,5.40000010,
,,,16.5599994E-3,5.40000010,
,,,16.5999997E-3,5.40000010,
,,,16.6400000E-3,5.40000010,
,,,16.6800003E-3,5.40000010,
,,,16.7199988E-3,5.40000010,
,,,16.7599991E-3,5.40000010,
,,,16.7999994E-3,5.40000010,
,,,16.8399997E-3,5.35999966,
,,,16.8800000E-3,5.40000010,
,,,16.9200003E-3,5.40000010,
,,,16.9599988E-3,5.40000010,
,,,16.9999991E-3,5.40000010,
,,,17.0399994E-3,5.40000010,
,,,17.0799997E-3,5.44000006,
,,,17.1200000E-3,5.44000006,
,,,17.1600003E-3,5.40000010,
,,,17.1999987E-3,5.35999966,
,,,17.2399990E-3,5.40000010,
,,,17.2799993E-3,5.40000010,
,,,17.3199996E-3,5.40000010,
,,,17.3599999E-3,5.40000010,
,,,17.4000002E-3,5.44000006,
,,,17.4399987E-3,5.40000010,
,,,17.4799990E-3,5.40000010,
,,,17.5199993E-3,5.40000010,
,,,17.5599996E-3,5.40000010,
,,,17.5999999E-3,5.40000010,
,,,17.6400002E-3,5.40000010,
,,,17.6799987E-3,5.40000010,
,,,17.7199990E-3,5.40000010,
,,,17.7599993E-3,5.40000010,
,,,17.7999996E-3,5.40000010,
,,,17.8399999E-3,5.40000010,
,,,17.8800002E-3,5.40000010,
,,,17.9199986E-3,5.44000006,
,,,17.9599989E-3,5.44000006,
,,,17.9999992E-3,5.44000006,
,,,18.0399995E-3,5.44000006,
,,,18.0799998E-3,5.44000006,
,,,18.1200001E-3,5.44000006,
,,,18.1599986E-3,5.44000006,
,,,18.1999989E-3,5.44000006,
,,,18.2399992E-3,5.44000006,
,,,18.2799995E-3,5.44000006,
,,,18.3199998E-3,5.40000010,
,,,18.3600001E-3,5.44000006,
,,,18.3999985E-3,5.44000006,
,,,18.4399989E-3,5.44000006,
,,,18.4799992E-3,5.48000002,
,,,18.5199995E-3,5.44000006,
,,,18.5599998E-3,5.44000006,
,,,18.6000001E-3,5.40000010,
,,,18.6399985E-3,5.44000006,
,,,18.6799988E-3,5.44000006,
,,,18.7199991E-3,5.40000010,
,,,18.7599994E-3,5.44000006,
,,,18.7999997E-3,5.44000006,
,,,18.8400000E-3,5.44000006,
,,,18.8799985E-3,5.44000006,
,,,18.9199988E-3,5.44000006,
,,,18.9599991E-3,5.44000006,
,,,18.9999994E-3,5.44000006,
,,,19.0399997E-3,5.40000010,
,,,19.0800000E-3,5.44000006,
,,,19.1200003E-3,5.44000006,
,,,19.1599987E-3,5.44000006,
,,,19.1999990E-3,5.40000010,
,,,19.2399994E-3,5.44000006,
,,,19.2799997E-3,5.44000006,
,,,19.3200000E-3,5.44000006,
,,,19.3600003E-3,5.40000010,
,,,19.3999987E-3,5.44000006,
,,,19.4399990E-3,5.40000010,
,,,19.4799993E-3,5.40000010,
,,,19.5199996E-3,5.48000002,
,,,19.5599999E-3,5.44000006,
,,,19.6000002E-3,5.44000006,
,,,19.6399987E-3,5.44000006,
,,,19.6799990E-3,5.44000006,
,,,19.7199993E-3,5.48000002,
,,,19.7599996E-3,5.44000006,
,,,19.7999999E-3,5.44000006,
,,,19.8400002E-3,5.40000010,
,,,19.8799986E-3,5.48000002,
,,,19.9199989E-3,5.48000002,
,,,19.9599992E-3,5.44000006,
,,,19.9999996E-3,5.44000006,
,,,20.0399999E-3,5.44000006,
,,,20.0800002E-3,5.44000006,
,,,20.11999860E-3,5.44000006,
,,,20.15999891E-3,5.40000010,
,,,20.19999921E-3,5.44000006,
,,,20.23999952E-3,5.40000010,
,,,20.27999982E-3,5.44000006,
,,,20.32000013E-3,5.40000010,
,,,20.35999857E-3,5.40000010,
,,,20.39999887E-3,5.40000010,
,,,20.43999918E-3,5.44000006,
,,,20.47999948E-3,5.44000006,
,,,20.51999979E-3,5.44000006,
,,,20.56000009E-3,5.44000006,
,,,20.59999853E-3,5.44000006,
,,,20.63999884E-3,5.40000010,
,,,20.67999914E-3,5.44000006,
,,,20.71999945E-3,5.44000006,
,,,20.75999975E-3,5.44000006,
,,,20.80000006E-3,5.44000006,
,,,20.83999850E-3,5.44000006,
,,,20.87999880E-3,5.40000010,
,,,20.91999911E-3,5.40000010,
,,,20.95999941E-3,5.40000010,
,,,20.99999972E-3,5.44000006,
,,,21.04000002E-3,5.44000006,
,,,21.07999846E-3,5.48000002,
,,,21.11999877E-3,5.44000006,
,,,21.15999907E-3,5.44000006,
,,,21.19999938E-3,5.40000010,
,,,21.23999968E-3,5.44000006,
,,,21.27999999E-3,5.44000006,
,,,21.31999843E-3,5.44000006,
,,,21.35999873E-3,5.44000006,
,,,21.39999904E-3,5.48000002,
,,,21.43999934E-3,5.40000010,
,,,21.47999965E-3,5.44000006,
,,,21.51999995E-3,5.44000006,
,,,21.56000026E-3,5.44000006,
,,,21.59999870E-3,5.40000010,
,,,21.63999900E-3,5.48000002,
,,,21.67999931E-3,5.44000006,
,,,21.71999961E-3,5.44000006,
,,,21.75999992E-3,5.40000010,
,,,21.80000022E-3,5.44000006,
,,,21.83999866E-3,5.44000006,
,,,21.87999897E-3,5.44000006,
,,,21.91999927E-3,5.44000006,
,,,21.95999958E-3,5.44000006,
,,,21.99999988E-3,5.44000006,
,,,22.04000019E-3,5.44000006,
,,,22.07999863E-3,5.44000006,
,,,22.11999893E-3,5.44000006,
,,,22.15999924E-3,5.44000006,
,,,22.19999954E-3,5.40000010,
,,,22.23999985E-3,5.40000010,
,,,22.28000015E-3,5.44000006,
,,,22.31999859E-3,5.40000010,
,,,22.35999890E-3,5.40000010,
,,,22.39999920E-3,5.40000010,
,,,22.43999951E-3,5.40000010,
,,,22.47999981E-3,5.40000010,
,,,22.52000012E-3,5.44000006,
,,,22.55999856E-3,5.44000006,
,,,22.59999886E-3,5.44000006,
,,,22.63999917E-3,5.44000006,
,,,22.67999947E-3,5.44000006,
,,,22.71999978E-3,5.48000002,
,,,22.76000008E-3,5.44000006,
,,,22.79999852E-3,5.44000006,
,,,22.83999883E-3,5.44000006,
,,,22.87999913E-3,5.44000006,
,,,22.91999944E-3,5.44000006,
,,,22.95999974E-3,5.44000006,
,,,23.00000004E-3,5.44000006,
,,,23.03999849E-3,5.40000010,
,,,23.07999879E-3,5.40000010,
,,,23.11999910E-3,5.40000010,
,,,23.15999940E-3,5.40000010,
,,,23.19999970E-3,5.40000010,
,,,23.24000001E-3,5.44000006,
,,,23.27999845E-3,5.44000006,
,,,23.31999876E-3,5.44000006,
,,,23.35999906E-3,5.40000010,
,,,23.39999937E-3,5.44000006,
,,,23.43999967E-3,5.44000006,
,,,23.47999997E-3,5.44000006,
,,,23.51999842E-3,5.40000010,
,,,23.55999872E-3,5.44000006,
,,,23.59999903E-3,5.48000002,
,,,23.63999933E-3,5.44000006,
,,,23.67999963E-3,5.44000006,
,,,23.71999994E-3,5.40000010,
,,,23.75999838E-3,5.40000010,
,,,23.79999869E-3,5.44000006,
,,,23.83999899E-3,5.40000010,
,,,23.87999929E-3,5.40000010,
,,,23.91999960E-3,5.40000010,
,,,23.95999990E-3,5.40000010,
,,,24.00000021E-3,5.40000010,
,,,24.03999865E-3,5.40000010,
,,,24.07999896E-3,5.40000010,
,,,24.11999926E-3,5.40000010,
,,,24.15999956E-3,5.40000010,
,,,24.19999987E-3,5.40000010,
,,,24.24000017E-3,5.40000010,
,,,24.27999862E-3,5.40000010,
,,,24.31999892E-3,5.40000010,
,,,24.35999922E-3,5.40000010,
,,,24.39999953E-3,5.40000010,
,,,24.43999983E-3,5.40000010,
,,,24.48000014E-3,5.40000010,
,,,24.51999858E-3,5.40000010,
,,,24.55999888E-3,5.40000010,
,,,24.59999919E-3,5.40000010,
,,,24.63999949E-3,5.40000010,
,,,24.67999980E-3,5.40000010,
,,,24.72000010E-3,5.40000010,
,,,24.75999855E-3,5.40000010,
,,,24.79999885E-3,5.40000010,
,,,24.83999915E-3,5.40000010,
,,,24.87999946E-3,5.40000010,
,,,24.91999976E-3,5.40000010,
,,,24.96000007E-3,5.40000010,
,,,24.99999851E-3,5.40000010,
,,,25.03999881E-3,5.40000010,
,,,25.07999912E-3,5.40000010,
,,,25.11999942E-3,5.40000010,
,,,25.15999973E-3,5.40000010,
,,,25.20000003E-3,5.40000010,
,,,25.23999847E-3,5.40000010,
,,,25.27999878E-3,5.40000010,
,,,25.31999908E-3,5.40000010,
,,,25.35999939E-3,5.40000010,
,,,25.39999969E-3,5.40000010,
,,,25.44000000E-3,5.40000010,
,,,25.47999844E-3,5.40000010,
,,,25.51999874E-3,5.40000010,
,,,25.55999905E-3,5.40000010,
,,,25.59999935E-3,5.44000006,
,,,25.63999966E-3,5.35999966,
,,,25.67999996E-3,5.40000010,
,,,25.71999840E-3,5.40000010,
,,,25.75999871E-3,5.40000010,
,,,25.79999901E-3,5.40000010,
,,,25.83999932E-3,5.40000010,
,,,25.87999962E-3,5.40000010,
,,,25.91999993E-3,5.40000010,
,,,25.95999837E-3,5.44000006,
,,,25.99999867E-3,5.40000010,
,,,26.03999898E-3,5.44000006,
,,,26.07999928E-3,5.44000006,
,,,26.11999959E-3,5.44000006,
,,,26.15999989E-3,5.44000006,
,,,26.19999833E-3,5.44000006,
,,,26.23999864E-3,5.48000002,
,,,26.27999894E-3,5.44000006,
,,,26.31999925E-3,5.44000006,
,,,26.35999955E-3,5.44000006,
,,,26.39999986E-3,5.48000002,
,,,26.43999830E-3,5.44000006,
,,,26.47999860E-3,5.44000006,
,,,26.51999891E-3,5.44000006,
,,,26.55999921E-3,5.44000006,
,,,26.59999952E-3,5.44000006,
,,,26.63999982E-3,5.44000006,
,,,26.68000013E-3,5.44000006,
,,,26.71999857E-3,5.44000006,
,,,26.75999887E-3,5.44000006,
,,,26.79999918E-3,5.44000006,
,,,26.83999948E-3,5.44000006,
,,,26.87999979E-3,5.40000010,
,,,26.92000009E-3,5.48000002,
,,,26.95999853E-3,5.44000006,
,,,26.99999884E-3,5.40000010,
,,,27.03999914E-3,5.40000010,
,,,27.07999945E-3,5.44000006,
,,,27.11999975E-3,5.44000006,
,,,27.16000006E-3,5.44000006,
,,,27.19999850E-3,5.44000006,
,,,27.23999880E-3,5.44000006,
,,,27.27999911E-3,5.44000006,
,,,27.31999941E-3,5.44000006,
,,,27.35999972E-3,5.44000006,
,,,27.40000002E-3,5.44000006,
,,,27.43999846E-3,5.40000010,
,,,27.47999877E-3,5.44000006,
,,,27.51999907E-3,5.44000006,
,,,27.55999938E-3,5.44000006,
,,,27.59999968E-3,5.44000006,
,,,27.63999999E-3,5.44000006,
,,,27.67999843E-3,5.44000006,
,,,27.71999873E-3,5.44000006,
,,,27.75999904E-3,5.44000006,
,,,27.79999934E-3,5.44000006,
,,,27.83999965E-3,5.40000010,
,,,27.87999995E-3,5.40000010,
,,,27.91999839E-3,5.40000010,
,,,27.95999870E-3,5.44000006,
,,,27.99999900E-3,5.44000006,
,,,28.03999931E-3,5.44000006,
,,,28.07999961E-3,5.40000010,
,,,28.11999992E-3,5.44000006,
,,,28.15999836E-3,5.44000006,
,,,28.19999866E-3,5.44000006,
,,,28.23999897E-3,5.44000006,
,,,28.27999927E-3,5.44000006,
,,,28.31999958E-3,5.44000006,
,,,28.35999988E-3,5.40000010,
,,,28.39999832E-3,5.44000006,
,,,28.43999863E-3,5.44000006,
,,,28.47999893E-3,5.40000010,
,,,28.51999924E-3,5.44000006,
,,,28.55999954E-3,5.40000010,
,,,28.59999985E-3,5.44000006,
,,,28.63999829E-3,5.40000010,
,,,28.67999859E-3,5.40000010,
,,,28.71999890E-3,5.44000006,
,,,28.75999920E-3,5.44000006,
,,,28.79999951E-3,5.44000006,
,,,28.83999981E-3,5.44000006,
,,,28.87999825E-3,5.44000006,
,,,28.91999856E-3,5.44000006,
,,,28.95999886E-3,5.40000010,
,,,28.99999917E-3,5.40000010,
,,,29.03999947E-3,5.44000006,
,,,29.07999977E-3,5.44000006,
,,,29.11999822E-3,5.44000006,
,,,29.15999852E-3,5.44000006,
,,,29.19999883E-3,5.44000006,
,,,29.23999913E-3,5.44000006,
,,,29.27999943E-3,5.44000006,
,,,29.31999974E-3,5.44000006,
,,,29.36000004E-3,5.44000006,
,,,29.39999849E-3,5.44000006,
,,,29.43999879E-3,5.44000006,
,,,29.47999910E-3,5.44000006,
,,,29.51999940E-3,5.44000006,
,,,29.55999970E-3,5.44000006,
,,,29.60000001E-3,5.40000010,
,,,29.63999845E-3,5.44000006,
,,,29.67999876E-3,5.44000006,
,,,29.71999906E-3,5.44000006,
,,,29.75999936E-3,5.40000010,
,,,29.79999967E-3,5.40000010,
,,,29.83999997E-3,5.40000010,
,,,29.87999842E-3,5.44000006,
,,,29.91999872E-3,5.44000006,
,,,29.95999902E-3,5.48000002,
,,,29.99999933E-3,5.44000006,
,,,30.03999963E-3,5.44000006,
,,,30.07999994E-3,5.44000006,
,,,30.11999838E-3,5.44000006,
,,,30.15999869E-3,5.44000006,
,,,30.19999899E-3,5.44000006,
,,,30.23999929E-3,5.44000006,
,,,30.27999960E-3,5.51999998,
,,,30.31999990E-3,5.48000002,
,,,30.35999835E-3,5.44000006,
,,,30.39999865E-3,5.44000006,
,,,30.43999895E-3,5.44000006,
,,,30.47999926E-3,5.40000010,
,,,30.51999956E-3,5.40000010,
,,,30.55999987E-3,5.40000010,
,,,30.59999831E-3,5.44000006,
,,,30.63999861E-3,5.44000006,
,,,30.67999892E-3,5.44000006,
,,,30.71999922E-3,5.40000010,
,,,30.75999953E-3,5.44000006,
,,,30.79999983E-3,5.44000006,
,,,30.83999828E-3,5.44000006,
,,,30.87999858E-3,5.44000006,
,,,30.91999888E-3,5.44000006,
,,,30.95999919E-3,5.40000010,
,,,30.99999949E-3,5.48000002,
,,,31.03999980E-3,5.44000006,
,,,31.07999824E-3,5.44000006,
,,,31.11999854E-3,5.44000006,
,,,31.15999885E-3,5.44000006,
,,,31.19999915E-3,5.44000006,
,,,31.23999946E-3,5.44000006,
,,,31.27999976E-3,5.44000006,
,,,31.31999820E-3,5.44000006,
,,,31.36000037E-3,5.44000006,
,,,31.39999881E-3,5.40000010,
,,,31.43999726E-3,5.44000006,
,,,31.47999942E-3,5.44000006,
,,,31.51999786E-3,5.44000006,
,,,31.56000003E-3,5.44000006,
,,,31.59999847E-3,5.40000010,
,,,31.64000064E-3,5.44000006,
,,,31.67999908E-3,5.44000006,
,,,31.71999753E-3,5.44000006,
,,,31.75999969E-3,5.44000006,
,,,31.79999813E-3,5.40000010,
,,,31.84000030E-3,5.44000006,
,,,31.87999874E-3,5.44000006,
,,,31.92000091E-3,5.44000006,
,,,31.95999935E-3,5.40000010,
,,,31.99999779E-3,5.40000010,
,,,32.03999996E-3,5.40000010,
,,,32.07999840E-3,5.40000010,
,,,32.12000057E-3,5.44000006,
,,,32.15999901E-3,5.44000006,
,,,32.19999745E-3,5.40000010,
,,,32.23999962E-3,5.44000006,
,,,32.27999806E-3,5.44000006,
,,,32.32000023E-3,5.44000006,
,,,32.35999867E-3,5.48000002,
,,,32.40000084E-3,5.44000006,
,,,32.43999928E-3,5.44000006,
,,,32.47999772E-3,5.44000006,
,,,32.51999989E-3,5.44000006,
,,,32.55999833E-3,5.48000002,
,,,32.60000050E-3,5.44000006,
,,,32.63999894E-3,5.40000010,
,,,32.67999738E-3,5.44000006,
,,,32.71999955E-3,5.44000006,
,,,32.75999799E-3,5.44000006,
,,,32.80000016E-3,5.44000006,
,,,32.83999860E-3,5.40000010,
,,,32.88000077E-3,5.44000006,
,,,32.91999921E-3,5.40000010,
,,,32.95999765E-3,5.44000006,
,,,32.99999982E-3,5.44000006,
,,,33.03999826E-3,5.40000010,
,,,33.08000043E-3,5.40000010,
,,,33.11999887E-3,5.44000006,
,,,33.15999731E-3,5.44000006,
,,,33.19999948E-3,5.44000006,
,,,33.23999792E-3,5.44000006,
,,,33.28000009E-3,5.48000002,
,,,33.31999853E-3,5.40000010,
,,,33.36000070E-3,5.44000006,
,,,33.39999914E-3,5.40000010,
,,,33.43999758E-3,5.40000010,
,,,33.47999975E-3,5.40000010,
,,,33.51999819E-3,5.44000006,
,,,33.56000036E-3,5.40000010,
,,,33.59999880E-3,5.40000010,
,,,33.63999724E-3,5.44000006,
,,,33.67999941E-3,5.40000010,
,,,33.71999785E-3,5.40000010,
,,,33.76000002E-3,5.44000006,
,,,33.79999846E-3,5.44000006,
,,,33.84000063E-3,5.48000002,
,,,33.87999907E-3,5.44000006,
,,,33.91999751E-3,5.44000006,
,,,33.95999968E-3,5.40000010,
,,,33.99999812E-3,5.40000010,
,,,34.04000029E-3,5.44000006,
,,,34.07999873E-3,5.40000010,
,,,34.11999717E-3,5.40000010,
,,,34.15999934E-3,5.44000006,
,,,34.19999778E-3,5.40000010,
,,,34.23999995E-3,5.40000010,
,,,34.27999839E-3,5.40000010,
,,,34.32000056E-3,5.44000006,
,,,34.35999900E-3,5.44000006,
,,,34.39999744E-3,5.40000010,
,,,34.43999961E-3,5.44000006,
,,,34.47999805E-3,5.44000006,
,,,34.52000022E-3,5.44000006,
,,,34.55999866E-3,5.44000006,
,,,34.60000083E-3,5.40000010,
,,,34.63999927E-3,5.44000006,
,,,34.67999771E-3,5.44000006,
,,,34.71999988E-3,5.44000006,
,,,34.75999832E-3,5.44000006,
,,,34.80000049E-3,5.44000006,
,,,34.83999893E-3,5.44000006,
,,,34.87999737E-3,5.44000006,
,,,34.91999954E-3,5.44000006,
,,,34.95999798E-3,5.40000010,
,,,35.00000015E-3,5.44000006,
,,,35.03999859E-3,5.44000006,
,,,35.08000076E-3,5.44000006,
,,,35.11999920E-3,5.40000010,
,,,35.15999764E-3,5.44000006,
,,,35.19999981E-3,5.48000002,
,,,35.23999825E-3,5.44000006,
,,,35.28000042E-3,5.44000006,
,,,35.31999886E-3,5.44000006,
,,,35.35999730E-3,5.44000006,
,,,35.39999947E-3,5.44000006,
,,,35.43999791E-3,5.44000006,
,,,35.48000008E-3,5.44000006,
,,,35.51999852E-3,5.40000010,
,,,35.56000069E-3,5.48000002,
,,,35.59999913E-3,5.40000010,
,,,35.63999757E-3,5.44000006,
,,,35.67999974E-3,5.44000006,
,,,35.71999818E-3,5.44000006,
,,,35.76000035E-3,5.40000010,
,,,35.79999879E-3,5.44000006,
,,,35.83999723E-3,5.44000006,
,,,35.87999940E-3,5.44000006,
,,,35.91999784E-3,5.44000006,
,,,35.96000001E-3,5.44000006,
,,,35.99999845E-3,5.40000010,
,,,36.04000062E-3,5.44000006,
,,,36.07999906E-3,5.44000006,
,,,36.11999750E-3,5.40000010,
,,,36.15999967E-3,5.40000010,
,,,36.19999811E-3,5.40000010,
,,,36.24000028E-3,5.44000006,
,,,36.27999872E-3,5.40000010,
,,,36.31999716E-3,5.44000006,
,,,36.35999933E-3,5.40000010,
,,,36.39999777E-3,5.44000006,
,,,36.43999994E-3,5.44000006,
,,,36.47999838E-3,5.44000006,
,,,36.52000055E-3,5.40000010,
,,,36.55999899E-3,5.40000010,
,,,36.59999743E-3,5.40000010,
,,,36.63999960E-3,5.44000006,
,,,36.67999804E-3,5.44000006,
,,,36.72000021E-3,5.40000010,
,,,36.75999865E-3,5.44000006,
,,,36.79999709E-3,5.44000006,
,,,36.83999926E-3,5.44000006,
,,,36.87999770E-3,5.44000006,
,,,36.91999987E-3,5.48000002,
,,,36.95999831E-3,5.48000002,
,,,37.00000048E-3,5.44000006,
,,,37.03999892E-3,5.40000010,
,,,37.07999736E-3,5.40000010,
,,,37.11999953E-3,5.44000006,
,,,37.15999797E-3,5.44000006,
,,,37.20000014E-3,5.44000006,
,,,37.23999858E-3,5.44000006,
,,,37.28000075E-3,5.44000006,
,,,37.31999919E-3,5.44000006,
,,,37.35999763E-3,5.44000006,
,,,37.39999980E-3,5.44000006,
,,,37.43999824E-3,5.40000010,
,,,37.48000041E-3,5.40000010,
,,,37.51999885E-3,5.48000002,
,,,37.55999729E-3,5.44000006,
,,,37.59999946E-3,5.44000006,
,,,37.63999790E-3,5.40000010,
,,,37.68000007E-3,5.44000006,
,,,37.71999851E-3,5.44000006,
,,,37.76000068E-3,5.44000006,
,,,37.79999912E-3,5.44000006,
,,,37.83999756E-3,5.44000006,
,,,37.87999973E-3,5.44000006,
,,,37.91999817E-3,5.40000010,
,,,37.96000034E-3,5.40000010,
,,,37.99999878E-3,5.44000006,
,,,38.03999722E-3,5.44000006,
,,,38.07999939E-3,5.40000010,
,,,38.11999783E-3,5.44000006,
,,,38.16000000E-3,5.44000006,
,,,38.19999844E-3,5.40000010,
,,,38.24000061E-3,5.44000006,
,,,38.27999905E-3,5.40000010,
,,,38.31999749E-3,5.44000006,
,,,38.35999966E-3,5.44000006,
,,,38.39999810E-3,5.44000006,
,,,38.44000027E-3,5.44000006,
,,,38.47999871E-3,5.44000006,
,,,38.51999715E-3,5.44000006,
,,,38.55999932E-3,5.40000010,
,,,38.59999776E-3,5.44000006,
,,,38.63999993E-3,5.44000006,
,,,38.67999837E-3,5.44000006,
,,,38.72000054E-3,5.44000006,
,,,38.75999898E-3,5.44000006,
,,,38.79999742E-3,5.44000006,
,,,38.83999959E-3,5.44000006,
,,,38.87999803E-3,5.44000006,
,,,38.92000020E-3,5.44000006,
,,,38.95999864E-3,5.44000006,
,,,38.99999708E-3,5.44000006,
,,,39.03999925E-3,5.44000006,
,,,39.07999769E-3,5.48000002,
,,,39.11999986E-3,5.40000010,
,,,39.15999830E-3,5.44000006,
,,,39.20000046E-3,5.44000006,
,,,39.23999891E-3,5.44000006,
,,,39.27999735E-3,5.44000006,
,,,39.31999952E-3,5.44000006,
,,,39.35999796E-3,5.44000006,
,,,39.40000013E-3,5.44000006,
,,,39.43999857E-3,5.44000006,
,,,39.48000073E-3,5.44000006,
,,,39.51999918E-3,5.40000010,
,,,39.55999762E-3,5.44000006,
,,,39.59999979E-3,5.44000006,
,,,39.63999823E-3,5.44000006,
,,,39.68000039E-3,5.48000002,
,,,39.71999884E-3,5.44000006,
,,,39.75999728E-3,5.40000010,
,,,39.79999945E-3,5.44000006,
,,,39.83999789E-3,5.40000010,
,,,39.88000005E-3,5.44000006,
,,,39.91999850E-3,5.44000006,
,,,39.96000066E-3,5.44000006,
,,,39.99999911E-3,5.44000006,
,,,40.03999755E-3,5.44000006,
,,,40.07999972E-3,5.44000006,
,,,40.11999816E-3,5.40000010,
,,,40.16000032E-3,5.40000010,
,,,40.19999877E-3,5.44000006,
,,,40.23999721E-3,5.40000010,
,,,40.27999938E-3,5.40000010,
,,,40.31999782E-3,5.44000006,
,,,40.35999998E-3,5.44000006,
,,,40.39999843E-3,5.44000006,
,,,40.44000059E-3,5.44000006,
,,,40.47999904E-3,5.44000006,
,,,40.51999748E-3,5.40000010,
,,,40.55999964E-3,5.44000006,
,,,40.59999809E-3,5.44000006,
,,,40.64000025E-3,5.40000010,
,,,40.67999870E-3,5.44000006,
,,,40.71999714E-3,5.44000006,
,,,40.75999931E-3,5.44000006,
,,,40.79999775E-3,5.44000006,
,,,40.83999991E-3,5.44000006,
,,,40.87999836E-3,5.44000006,
,,,40.92000052E-3,5.40000010,
,,,40.95999897E-3,5.44000006,
,,,40.99999741E-3,5.48000002,
,,,41.03999957E-3,5.44000006,
,,,41.07999802E-3,5.44000006,
,,,41.12000018E-3,5.44000006,
,,,41.15999863E-3,5.44000006,
,,,41.19999707E-3,5.44000006,
,,,41.23999923E-3,5.44000006,
,,,41.27999768E-3,5.40000010,
,,,41.31999984E-3,5.40000010,
,,,41.35999829E-3,5.44000006,
,,,41.40000045E-3,5.44000006,
,,,41.43999889E-3,5.44000006,
,,,41.47999734E-3,5.48000002,
,,,41.51999950E-3,5.44000006,
,,,41.55999795E-3,5.44000006,
,,,41.60000011E-3,5.48000002,
,,,41.63999856E-3,5.44000006,
,,,41.67999700E-3,5.44000006,
,,,41.71999916E-3,5.44000006,
,,,41.75999761E-3,5.44000006,
,,,41.79999977E-3,5.40000010,
,,,41.83999822E-3,5.40000010,
,,,41.88000038E-3,5.44000006,
,,,41.91999882E-3,5.44000006,
,,,41.95999727E-3,5.40000010,
,,,41.99999943E-3,5.44000006,
,,,42.03999788E-3,5.44000006,
,,,42.08000004E-3,5.48000002,
,,,42.11999848E-3,5.44000006,
,,,42.16000065E-3,5.44000006,
,,,42.19999909E-3,5.40000010,
,,,42.23999754E-3,5.40000010,
,,,42.27999970E-3,5.40000010,
,,,42.31999815E-3,5.44000006,
,,,42.36000031E-3,5.44000006,
,,,42.39999875E-3,5.44000006,
,,,42.43999720E-3,5.40000010,
,,,42.47999936E-3,5.44000006,
,,,42.51999781E-3,5.44000006,
,,,42.55999997E-3,5.44000006,
,,,42.59999841E-3,5.44000006,
,,,42.64000058E-3,5.40000010,
,,,42.67999902E-3,5.44000006,
,,,42.71999747E-3,5.44000006,
,,,42.75999963E-3,5.48000002,
,,,42.79999807E-3,5.44000006,
,,,42.84000024E-3,5.44000006,
,,,42.87999868E-3,5.40000010,
,,,42.91999713E-3,5.44000006,
,,,42.95999929E-3,5.48000002,
,,,42.99999774E-3,5.44000006,
,,,43.03999990E-3,5.44000006,
,,,43.07999834E-3,5.40000010,
,,,43.12000051E-3,5.44000006,
,,,43.15999895E-3,5.48000002,
,,,43.19999740E-3,5.44000006,
,,,43.23999956E-3,5.44000006,
,,,43.27999800E-3,5.44000006,
,,,43.32000017E-3,5.44000006,
,,,43.35999861E-3,5.44000006,
,,,43.39999706E-3,5.40000010,
,,,43.43999922E-3,5.44000006,
,,,43.47999766E-3,5.44000006,
,,,43.51999983E-3,5.44000006,
,,,43.55999827E-3,5.44000006,
,,,43.60000044E-3,5.44000006,
,,,43.63999888E-3,5.44000006,
,,,43.67999732E-3,5.40000010,
,,,43.71999949E-3,5.40000010,
,,,43.75999793E-3,5.44000006,
,,,43.80000010E-3,5.44000006,
,,,43.83999854E-3,5.44000006,
,,,43.87999699E-3,5.40000010,
,,,43.91999915E-3,5.40000010,
,,,43.95999759E-3,5.44000006,
,,,43.99999976E-3,5.44000006,
,,,44.03999820E-3,5.44000006,
,,,44.08000037E-3,5.44000006,
,,,44.11999881E-3,5.44000006,
,,,44.15999725E-3,5.40000010,
,,,44.19999942E-3,5.44000006,
,,,44.23999786E-3,5.40000010,
,,,44.28000003E-3,5.40000010,
,,,44.31999847E-3,5.44000006,
,,,44.35999691E-3,5.44000006,
,,,44.39999908E-3,5.44000006,
,,,44.43999752E-3,5.40000010,
,,,44.47999969E-3,5.44000006,
,,,44.51999813E-3,5.44000006,
,,,44.56000030E-3,5.40000010,
,,,44.59999874E-3,5.40000010,
,,,44.63999718E-3,5.40000010,
,,,44.67999935E-3,5.40000010,
,,,44.71999779E-3,5.48000002,
,,,44.75999996E-3,5.40000010,
,,,44.79999840E-3,5.48000002,
,,,44.84000057E-3,5.40000010,
,,,44.87999901E-3,5.44000006,
,,,44.91999745E-3,5.44000006,
,,,44.95999962E-3,5.44000006,
,,,44.99999806E-3,5.44000006,
,,,45.04000023E-3,5.40000010,
,,,45.07999867E-3,5.48000002,
,,,45.11999711E-3,5.40000010,
,,,45.15999928E-3,5.44000006,
,,,45.19999772E-3,5.40000010,
,,,45.23999989E-3,5.40000010,
,,,45.27999833E-3,5.44000006,
,,,45.32000050E-3,5.44000006,
,,,45.35999894E-3,5.44000006,
,,,45.39999738E-3,5.40000010,
,,,45.43999955E-3,5.44000006,
,,,45.47999799E-3,5.44000006,
,,,45.52000016E-3,5.44000006,
,,,45.55999860E-3,5.48000002,
,,,45.59999704E-3,5.44000006,
,,,45.63999921E-3,5.44000006,
,,,45.67999765E-3,5.44000006,
,,,45.71999982E-3,5.44000006,
,,,45.75999826E-3,5.44000006,
,,,45.80000043E-3,5.40000010,
,,,45.83999887E-3,5.44000006,
,,,45.87999731E-3,5.40000010,
,,,45.91999948E-3,5.44000006,
,,,45.95999792E-3,5.44000006,
,,,46.00000009E-3,5.44000006,
,,,46.03999853E-3,5.40000010,
,,,46.07999697E-3,5.44000006,
,,,46.11999914E-3,5.44000006,
,,,46.15999758E-3,5.44000006,
,,,46.19999975E-3,5.40000010,
,,,46.23999819E-3,5.44000006,
,,,46.28000036E-3,5.44000006,
,,,46.31999880E-3,5.44000006,
,,,46.35999724E-3,5.44000006,
,,,46.39999941E-3,5.40000010,
,,,46.43999785E-3,5.44000006,
,,,46.48000002E-3,5.44000006,
,,,46.51999846E-3,5.44000006,
,,,46.55999690E-3,5.44000006,
,,,46.59999907E-3,5.40000010,
,,,46.63999751E-3,5.44000006,
,,,46.67999968E-3,5.44000006,
,,,46.71999812E-3,5.44000006,
,,,46.76000029E-3,5.44000006,
,,,46.79999873E-3,5.44000006,
,,,46.83999717E-3,5.44000006,
,,,46.87999934E-3,5.40000010,
,,,46.91999778E-3,5.44000006,
,,,46.95999995E-3,5.40000010,
,,,46.99999839E-3,5.44000006,
,,,47.04000056E-3,5.40000010,
,,,47.07999900E-3,5.40000010,
,,,47.11999744E-3,5.40000010,
,,,47.15999961E-3,5.44000006,
,,,47.19999805E-3,5.44000006,
,,,47.24000022E-3,5.44000006,
,,,47.27999866E-3,5.44000006,
,,,47.31999710E-3,5.44000006,
,,,47.35999927E-3,5.44000006,
,,,47.39999771E-3,5.44000006,
,,,47.43999988E-3,5.40000010,
,,,47.47999832E-3,5.44000006,
,,,47.52000049E-3,5.48000002,
,,,47.55999893E-3,5.44000006,
,,,47.59999737E-3,5.44000006,
,,,47.63999954E-3,5.44000006,
,,,47.67999798E-3,5.48000002,
,,,47.72000015E-3,5.44000006,
,,,47.75999859E-3,5.40000010,
,,,47.79999703E-3,5.40000010,
,,,47.83999920E-3,5.40000010,
,,,47.87999764E-3,5.40000010,
,,,47.91999981E-3,5.40000010,
,,,47.95999825E-3,5.44000006,
,,,48.00000042E-3,5.40000010,
,,,48.03999886E-3,5.44000006,
,,,48.07999730E-3,5.44000006,
,,,48.11999947E-3,5.40000010,
,,,48.15999791E-3,5.44000006,
,,,48.20000008E-3,5.44000006,
,,,48.23999852E-3,5.40000010,
,,,48.27999696E-3,5.40000010,
,,,48.31999913E-3,5.44000006,
,,,48.35999757E-3,5.44000006,
,,,48.39999974E-3,5.44000006,
,,,48.43999818E-3,5.44000006,
,,,48.48000035E-3,5.44000006,
,,,48.51999879E-3,5.44000006,
,,,48.55999723E-3,5.44000006,
,,,48.59999940E-3,5.44000006,
,,,48.63999784E-3,5.40000010,
,,,48.68000001E-3,5.44000006,
,,,48.71999845E-3,5.44000006,
,,,48.75999689E-3,5.44000006,
,,,48.79999906E-3,5.44000006,
,,,48.83999750E-3,5.44000006,
,,,48.87999967E-3,5.40000010,
,,,48.91999811E-3,5.44000006,
,,,48.96000028E-3,5.40000010,
,,,48.99999872E-3,5.44000006,
,,,49.03999716E-3,5.40000010,
,,,49.07999933E-3,5.44000006,
,,,49.11999777E-3,5.44000006,
,,,49.15999994E-3,5.44000006,
,,,49.19999838E-3,5.40000010,
,,,49.23999682E-3,5.48000002,
,,,49.27999899E-3,5.44000006,
,,,49.31999743E-3,5.40000010,
,,,49.35999960E-3,5.44000006,
,,,49.39999804E-3,5.40000010,
,,,49.44000021E-3,5.40000010,
,,,49.47999865E-3,5.44000006,
,,,49.51999709E-3,5.40000010,
,,,49.55999926E-3,5.44000006,
,,,49.59999770E-3,5.44000006,
,,,49.63999987E-3,5.44000006,
,,,49.67999831E-3,5.44000006,
,,,49.72000048E-3,5.44000006,
,,,49.75999892E-3,5.40000010,
,,,49.79999736E-3,5.44000006,
,,,49.83999953E-3,5.44000006,
,,,49.87999797E-3,5.44000006,
,,,49.92000014E-3,5.44000006,
,,,49.95999858E-3,5.48000002,
,,,49.99999702E-3,5.44000006,
,,,50.03999919E-3,5.44000006,
,,,50.07999763E-3,5.44000006,
,,,50.11999980E-3,5.44000006,
,,,50.15999824E-3,5.44000006,
,,,50.20000041E-3,5.44000006,
,,,50.23999885E-3,5.44000006,
,,,50.27999729E-3,5.44000006,
,,,50.31999946E-3,5.44000006,
,,,50.35999790E-3,5.44000006,
,,,50.40000007E-3,5.40000010,
,,,50.43999851E-3,5.44000006,
,,,50.47999695E-3,5.44000006,
,,,50.51999912E-3,5.44000006,
,,,50.55999756E-3,5.44000006,
,,,50.59999973E-3,5.44000006,
,,,50.63999817E-3,5.44000006,
,,,50.68000033E-3,5.44000006,
,,,50.71999878E-3,5.44000006,
,,,50.75999722E-3,5.40000010,
,,,50.79999939E-3,5.44000006,
,,,50.83999783E-3,5.44000006,
,,,50.88000000E-3,5.40000010,
,,,50.91999844E-3,5.40000010,
,,,50.95999688E-3,5.44000006,
,,,50.99999905E-3,5.40000010,
,,,51.03999749E-3,5.44000006,
,,,51.07999966E-3,5.44000006,
,,,51.11999810E-3,5.44000006,
,,,51.16000026E-3,5.44000006,
,,,51.19999871E-3,5.44000006,
,,,51.23999715E-3,5.44000006,
,,,51.27999932E-3,5.44000006,
,,,51.31999776E-3,5.40000010,
,,,51.35999992E-3,5.44000006,
,,,51.39999837E-3,5.44000006,
,,,51.43999681E-3,5.40000010,
,,,51.47999898E-3,5.44000006,
,,,51.51999742E-3,5.40000010,
,,,51.55999959E-3,5.40000010,
,,,51.59999803E-3,5.48000002,
,,,51.64000019E-3,5.44000006,
,,,51.67999864E-3,5.44000006,
,,,51.71999708E-3,5.40000010,
,,,51.75999925E-3,5.44000006,
,,,51.79999769E-3,5.40000010,
,,,51.83999985E-3,5.44000006,
,,,51.87999830E-3,5.40000010,
,,,51.91999674E-3,5.40000010,
,,,51.95999891E-3,5.40000010,
,,,51.99999735E-3,5.44000006,
,,,52.03999951E-3,5.44000006,
,,,52.07999796E-3,5.44000006,
,,,52.12000012E-3,5.44000006,
,,,52.15999857E-3,5.44000006,
,,,52.19999701E-3,5.40000010,
,,,52.23999918E-3,5.40000010,
,,,52.27999762E-3,5.44000006,
,,,52.31999978E-3,5.40000010,
,,,52.35999823E-3,5.40000010,
,,,52.40000039E-3,5.40000010,
,,,52.43999884E-3,5.44000006,
,,,52.47999728E-3,5.44000006,
,,,52.51999944E-3,5.44000006,
,,,52.55999789E-3,5.40000010,
,,,52.60000005E-3,5.44000006,
,,,52.63999850E-3,5.44000006,
,,,52.67999694E-3,5.44000006,
,,,52.71999910E-3,5.44000006,
,,,52.75999755E-3,5.44000006,
,,,52.79999971E-3,5.44000006,
,,,52.83999816E-3,5.40000010,
,,,52.88000032E-3,5.44000006,
,,,52.91999876E-3,5.44000006,
,,,52.95999721E-3,5.44000006,
,,,52.99999937E-3,5.40000010,
,,,53.03999782E-3,5.44000006,
,,,53.07999998E-3,5.44000006,
,,,53.11999843E-3,5.40000010,
,,,53.15999687E-3,5.48000002,
,,,53.19999903E-3,5.44000006,
,,,53.23999748E-3,5.44000006,
,,,53.27999964E-3,5.44000006,
,,,53.31999809E-3,5.44000006,
,,,53.36000025E-3,5.44000006,
,,,53.39999869E-3,5.44000006,
,,,53.43999714E-3,5.44000006,
,,,53.47999930E-3,5.44000006,
,,,53.51999775E-3,5.44000006,
,,,53.55999991E-3,5.44000006,
,,,53.59999835E-3,5.44000006,
,,,53.63999680E-3,5.40000010,
,,,53.67999896E-3,5.48000002,
,,,53.71999741E-3,5.40000010,
,,,53.75999957E-3,5.44000006,
,,,53.79999802E-3,5.44000006,
,,,53.84000018E-3,5.40000010,
,,,53.87999862E-3,5.44000006,
,,,53.91999707E-3,5.44000006,
,,,53.95999923E-3,5.48000002,
,,,53.99999768E-3,5.48000002,
,,,54.03999984E-3,5.44000006,
,,,54.07999828E-3,5.44000006,
,,,54.11999673E-3,5.44000006,
,,,54.15999889E-3,5.44000006,
,,,54.19999734E-3,5.48000002,
,,,54.23999950E-3,5.44000006,
,,,54.27999794E-3,5.44000006,
,,,54.32000011E-3,5.44000006,
,,,54.35999855E-3,5.44000006,
,,,54.39999700E-3,5.44000006,
,,,54.43999916E-3,5.48000002,
,,,54.47999761E-3,5.44000006,
,,,54.51999977E-3,5.44000006,
,,,54.55999821E-3,5.44000006,
,,,54.599996656E-3,5.48000002,
,,,54.639998823E-3,5.48000002,
,,,54.679997265E-3,5.44000006,
,,,54.719999433E-3,5.48000002,
,,,54.759997874E-3,5.48000002,
,,,54.800000042E-3,5.48000002,
,,,54.839998484E-3,5.51999998,
,,,54.879996926E-3,5.44000006,
,,,54.919999093E-3,5.48000002,
,,,54.959997535E-3,5.44000006,
,,,54.999999702E-3,5.48000002,
,,,55.039998144E-3,5.48000002,
,,,55.080000311E-3,5.48000002,
,,,55.119998753E-3,5.44000006,
,,,55.159997195E-3,5.48000002,
,,,55.199999362E-3,5.48000002,
,,,55.239997804E-3,5.48000002,
,,,55.279999971E-3,5.48000002,
,,,55.319998413E-3,5.48000002,
,,,55.359996855E-3,5.44000006,
,,,55.399999022E-3,5.48000002,
,,,55.439997464E-3,5.48000002,
,,,55.479999632E-3,5.48000002,
,,,55.519998074E-3,5.48000002,
,,,55.560000241E-3,5.44000006,
,,,55.599998683E-3,5.48000002,
,,,55.639997125E-3,5.44000006,
,,,55.679999292E-3,5.48000002,
,,,55.719997734E-3,5.48000002,
,,,55.759999901E-3,5.48000002,
,,,55.799998343E-3,5.48000002,
,,,55.839996785E-3,5.44000006,
,,,55.879998952E-3,5.44000006,
,,,55.919997394E-3,5.40000010,
,,,55.959999561E-3,5.44000006,
,,,55.999998003E-3,5.44000006,
,,,56.040000170E-3,5.44000006,
,,,56.079998612E-3,5.44000006,
,,,56.119997054E-3,5.44000006,
,,,56.159999222E-3,5.44000006,
,,,56.199997663E-3,5.44000006,
,,,56.239999831E-3,5.40000010,
,,,56.279998273E-3,5.44000006,
,,,56.319996715E-3,5.44000006,
,,,56.359998882E-3,5.44000006,
,,,56.399997324E-3,5.40000010,
,,,56.439999491E-3,5.44000006,
,,,56.479997933E-3,5.44000006,
,,,56.520000100E-3,5.44000006,
,,,56.559998542E-3,5.40000010,
,,,56.599996984E-3,5.40000010,
,,,56.639999151E-3,5.44000006,
,,,56.679997593E-3,5.44000006,
,,,56.719999760E-3,5.44000006,
,,,56.759998202E-3,5.40000010,
,,,56.799996644E-3,5.44000006,
,,,56.839998811E-3,5.40000010,
,,,56.879997253E-3,5.44000006,
,,,56.919999421E-3,5.44000006,
,,,56.959997863E-3,5.44000006,
,,,57.000000030E-3,5.44000006,
,,,57.039998472E-3,5.44000006,
,,,57.079996914E-3,5.40000010,
,,,57.119999081E-3,5.44000006,
,,,57.159997523E-3,5.40000010,
,,,57.199999690E-3,5.48000002,
,,,57.239998132E-3,5.44000006,
,,,57.279996574E-3,5.44000006,
,,,57.319998741E-3,5.40000010,
,,,57.359997183E-3,5.48000002,
,,,57.399999350E-3,5.48000002,
,,,57.439997792E-3,5.48000002,
,,,57.479999959E-3,5.44000006,
,,,57.519998401E-3,5.44000006,
,,,57.559996843E-3,5.44000006,
,,,57.599999011E-3,5.40000010,
,,,57.639997452E-3,5.40000010,
,,,57.679999620E-3,5.44000006,
,,,57.719998062E-3,5.44000006,
,,,57.760000229E-3,5.48000002,
,,,57.799998671E-3,5.40000010,
,,,57.839997113E-3,5.44000006,
,,,57.879999280E-3,5.44000006,
,,,57.919997722E-3,5.44000006,
,,,57.959999889E-3,5.44000006,
,,,57.999998331E-3,5.44000006,
,,,58.039996773E-3,5.40000010,
,,,58.079998940E-3,5.44000006,
,,,58.119997382E-3,5.40000010,
,,,58.159999549E-3,5.48000002,
,,,58.199997991E-3,5.40000010,
,,,58.240000159E-3,5.44000006,
,,,58.279998600E-3,5.44000006,
,,,58.319997042E-3,5.44000006,
,,,58.359999210E-3,5.44000006,
,,,58.399997652E-3,5.48000002,
,,,58.439999819E-3,5.44000006,
,,,58.479998261E-3,5.44000006,
,,,58.519996703E-3,5.44000006,
,,,58.559998870E-3,5.40000010,
,,,58.599997312E-3,5.40000010,
,,,58.639999479E-3,5.40000010,
,,,58.679997921E-3,5.44000006,
,,,58.720000088E-3,5.44000006,
,,,58.759998530E-3,5.40000010,
,,,58.799996972E-3,5.44000006,
,,,58.839999139E-3,5.44000006,
,,,58.879997581E-3,5.40000010,
,,,58.919999748E-3,5.44000006,
,,,58.959998190E-3,5.44000006,
,,,58.999996632E-3,5.40000010,
,,,59.039998800E-3,5.44000006,
,,,59.079997241E-3,5.40000010,
,,,59.119999409E-3,5.40000010,
,,,59.159997851E-3,5.44000006,
,,,59.200000018E-3,5.44000006,
,,,59.239998460E-3,5.44000006,
,,,59.279996902E-3,5.44000006,
,,,59.319999069E-3,5.44000006,
,,,59.359997511E-3,5.44000006,
,,,59.399999678E-3,5.44000006,
,,,59.439998120E-3,5.44000006,
,,,59.479996562E-3,5.40000010,
,,,59.519998729E-3,5.40000010,
,,,59.559997171E-3,5.48000002,
,,,59.599999338E-3,5.40000010,
,,,59.639997780E-3,5.44000006,
,,,59.679999948E-3,5.40000010,
,,,59.719998389E-3,5.44000006,
,,,59.759996831E-3,5.44000006,
,,,59.799998999E-3,5.40000010,
,,,59.839997441E-3,5.44000006,
,,,59.879999608E-3,5.40000010,
,,,59.919998050E-3,5.44000006,
,,,59.960000217E-3,5.44000006,
